id,text,language,source
1,Al'ummar yana gina sabon aiki.,Hausa,AI-generated synthetic data
2,Onye nkụzi ahụ nwere akwụkwọ n'isi ụtụtụ.,Igbo,AI-generated synthetic data
3,A researcher is studying the delivery schedule.,English,AI-generated synthetic data
4,Anyị wetara ọka n'oge.,Igbo,AI-generated synthetic data
5,Ọ̀rẹ́ mi ń rìn ní ọ́fíìsì àná.,Yoruba,AI-generated synthetic data
6,"Jiya, suna jiran motar bas.",Hausa,AI-generated synthetic data
7,"A gida, yanayin yau yana da dadi.",Hausa,AI-generated synthetic data
8,The engineer is learning the school timetable.,English,AI-generated synthetic data
9,Tawagar mu yana shirya rahoton.,Hausa,AI-generated synthetic data
10,Our community is repairing the report.,English,AI-generated synthetic data
11,Ọ̀rẹ́ mi ṣe tábìlì àná.,Yoruba,AI-generated synthetic data
12,Àwọn ọmọ ra ọ̀gẹ̀dẹ̀ ní ìparí ọ̀sẹ̀.,Yoruba,AI-generated synthetic data
13,Al'ummar yana bitar samfurin koyon na'ura.,Hausa,AI-generated synthetic data
14,"In the evening, we should leave early to avoid traffic.",English,AI-generated synthetic data
15,Arábìnrin mi wà ní àgbègbè wa lónìí.,Yoruba,AI-generated synthetic data
16,Nne hụrụ oche n'ụtụtụ.,Igbo,AI-generated synthetic data
17,"Jiya, ina son kara koyon bayani game da wannan kwas.",Hausa,AI-generated synthetic data
18,The farmer is discussing the meeting notes.,English,AI-generated synthetic data
19,Dan uwana yana shirya kwamfutar.,Hausa,AI-generated synthetic data
20,"Jiya, ruwan sama ya fara bayan mun tafi.",Hausa,AI-generated synthetic data
21,Injiniyan yana shirya sabon aiki.,Hausa,AI-generated synthetic data
22,Manomin yana karatu bayanan mara lafiya.,Hausa,AI-generated synthetic data
23,Nwanne nwanyị m nwere anụ n'ụtụtụ.,Igbo,AI-generated synthetic data
24,My friend is organizing the machine learning model.,English,AI-generated synthetic data
25,Àwọn ará wa ń ṣiṣẹ́ ní òpópónà àná.,Yoruba,AI-generated synthetic data
26,"At work, the driver waited for passengers near the bus station.",English,AI-generated synthetic data
27,Ha hụrụ agwa n'isi ụtụtụ.,Igbo,AI-generated synthetic data
28,Arákùnrin mi fẹ́ ẹran àná.,Yoruba,AI-generated synthetic data
29,Onye nkụzi ahụ na-aga n'ụlọ ahịa n'izu a.,Igbo,AI-generated synthetic data
30,Dan uwana yana koyon manhajar waya.,Hausa,AI-generated synthetic data
31,Mama lo kọ̀ǹpútà ní alẹ́.,Yoruba,AI-generated synthetic data
32,Likitan yana shirya jerin kaya.,Hausa,AI-generated synthetic data
33,Aládùúgbò wa fẹ́ ẹ̀fọ́ ní alẹ́.,Yoruba,AI-generated synthetic data
34,Àwọn ará wa rí kọ́kọ́rọ́ ní kutukutu.,Yoruba,AI-generated synthetic data
35,Nwa akwụkwọ ahụ jiri igwefoto taa.,Igbo,AI-generated synthetic data
36,A teacher is planning the inventory list.,English,AI-generated synthetic data
37,Tawagar mu yana gyara bayanan mara lafiya.,Hausa,AI-generated synthetic data
38,"Yau, me ya jawo jinkirin?",Hausa,AI-generated synthetic data
39,Àwọn ará wa wà ní ibùdó ọkọ̀ àná.,Yoruba,AI-generated synthetic data
40,Nwanne nwoke m nwere akwụkwọ n'oge.,Igbo,AI-generated synthetic data
41,Ọ̀rẹ́ mi dé sí òpópónà ní alẹ́.,Yoruba,AI-generated synthetic data
42,Al'ummar yana tattauna samfurin koyon na'ura.,Hausa,AI-generated synthetic data
43,Ṣé o ti jẹun?,Yoruba,AI-generated synthetic data
44,Manomin yana koyon shirin kasuwanci.,Hausa,AI-generated synthetic data
45,Obìnrin náà ń rìn ní ilé ìwòsàn ní ìparí ọ̀sẹ̀.,Yoruba,AI-generated synthetic data
46,Ọ wetara igodo na ngwụcha izu.,Igbo,AI-generated synthetic data
47,A teacher is reviewing the farm equipment.,English,AI-generated synthetic data
48,Malamin yana duba kayan horo.,Hausa,AI-generated synthetic data
49,The developer is repairing a research proposal.,English,AI-generated synthetic data
50,Ẹyin ṣe bàtà ní òwúrọ̀.,Yoruba,AI-generated synthetic data
51,Allon bayanai yana nuna sabbin alkaluman kaya.,Hausa,AI-generated synthetic data
52,Ọ̀rẹ́ mi ra bàtà ọ̀la.,Yoruba,AI-generated synthetic data
53,"A wurin aiki, ina ka ajiye takardar?",Hausa,AI-generated synthetic data
54,"During the meeting, the weather is pleasant today.",English,AI-generated synthetic data
55,The student borrowed a book from the library.,English,AI-generated synthetic data
56,"Yau, malami ya bayyana darasin da misali na aikace-aikace.",Hausa,AI-generated synthetic data
57,Nwanyị ahụ na-aga n'ogige na ngwụcha izu.,Igbo,AI-generated synthetic data
58,The manager is preparing the network connection.,English,AI-generated synthetic data
59,Enyi m nwere osikapa ụnyaahụ.,Igbo,AI-generated synthetic data
60,Baba rí fóònù ní ìparí ọ̀sẹ̀.,Yoruba,AI-generated synthetic data
61,Unu na-arụ ọrụ n'ụlọ ekpere n'izu a.,Igbo,AI-generated synthetic data
62,Dan uwana yana gyara takardar bincike.,Hausa,AI-generated synthetic data
63,Ị bịara n'ụlọ ekpere n'isi ụtụtụ.,Igbo,AI-generated synthetic data
64,Ọ na-arụ ọrụ n'ogige taa.,Igbo,AI-generated synthetic data
65,Onye nkụzi ahụ na-arụ ọrụ n'ogige n'oge.,Igbo,AI-generated synthetic data
66,Likitan yana gina takardar bincike.,Hausa,AI-generated synthetic data
67,M bịara n'chọọchị ụnyaahụ.,Igbo,AI-generated synthetic data
68,Dalibin yana karatu kwamfutar.,Hausa,AI-generated synthetic data
69,Abokina yana tattauna jadawalin makaranta.,Hausa,AI-generated synthetic data
70,The student is learning the delivery schedule.,English,AI-generated synthetic data
71,The developer is reviewing the training materials.,English,AI-generated synthetic data
72,Ha na-aga n'ụlọ ekpere n'abalị.,Igbo,AI-generated synthetic data
73,Arákùnrin mi ní ẹran ọ̀la.,Yoruba,AI-generated synthetic data
74,The doctor is repairing the delivery schedule.,English,AI-generated synthetic data
75,The student is learning the inventory list.,English,AI-generated synthetic data
76,Dókítà náà ń kọ́ ẹ̀kọ́ ní ilé ìwé ní òru.,Yoruba,AI-generated synthetic data
77,O mú ẹja ọ̀la.,Yoruba,AI-generated synthetic data
78,Tawagar mu yana gyara takardar bincike.,Hausa,AI-generated synthetic data
79,The manager is checking the delivery schedule.,English,AI-generated synthetic data
80,Tawagar mu yana gyara rahoton.,Hausa,AI-generated synthetic data
81,Aládùúgbò wa ṣe aṣọ àná.,Yoruba,AI-generated synthetic data
82,A teacher is studying the school timetable.,English,AI-generated synthetic data
83,The driver is discussing the school timetable.,English,AI-generated synthetic data
84,"Da yamma, yaushe za a fara taron?",Hausa,AI-generated synthetic data
85,Obìnrin náà rí tábìlì ọ̀la.,Yoruba,AI-generated synthetic data
86,Malamin yana koyon jadawalin isar da kaya.,Hausa,AI-generated synthetic data
87,Obìnrin náà ń ṣiṣẹ́ ní ilé ọ̀la.,Yoruba,AI-generated synthetic data
88,"In the afternoon, the algorithm performed better after the data was cleaned.",English,AI-generated synthetic data
89,Obìnrin náà dé sí ọgbà ẹ̀kọ́ àná.,Yoruba,AI-generated synthetic data
90,Wọ́n lo ẹ̀wà ní òru.,Yoruba,AI-generated synthetic data
91,"Gobe, me ya sa intanet din yake tafiya a hankali?",Hausa,AI-generated synthetic data
92,Ha bịara n'chọọchị taa.,Igbo,AI-generated synthetic data
93,Olùkọ́ náà ń ṣiṣẹ́ ní ọgbà ní ìparí ọ̀sẹ̀.,Yoruba,AI-generated synthetic data
94,"Today, i have not received the message yet.",English,AI-generated synthetic data
95,"Yau, yaran suna wasa a wajen gida.",Hausa,AI-generated synthetic data
96,Abokina yana bitar jerin kaya.,Hausa,AI-generated synthetic data
97,The driver is building the network connection.,English,AI-generated synthetic data
98,Ọ na-amụ ihe n'ụlọ enyi m echi.,Igbo,AI-generated synthetic data
99,Our team is checking the inventory list.,English,AI-generated synthetic data
100,The engineer is organizing the patient record.,English,AI-generated synthetic data
101,Tawagar mu yana shirya manhajar waya.,Hausa,AI-generated synthetic data
102,Nwanne nwanyị m nọ n'ụlọ ekpere n'isi ụtụtụ.,Igbo,AI-generated synthetic data
103,Ọkùnrin náà ń ṣiṣẹ́ ní ilé ẹ̀kọ́ ní ọ̀sẹ̀ yìí.,Yoruba,AI-generated synthetic data
104,Mai shirye-shiryen yana koyon manhajar waya.,Hausa,AI-generated synthetic data
105,Ọkùnrin náà ń kọ́ ẹ̀kọ́ ní ọ́fíìsì ní ìparí ọ̀sẹ̀.,Yoruba,AI-generated synthetic data
106,The student is studying the report.,English,AI-generated synthetic data
107,A teacher is reviewing the network connection.,English,AI-generated synthetic data
108,The engineer is discussing the patient record.,English,AI-generated synthetic data
109,Ó fẹ́ àga ní ìparí ọ̀sẹ̀.,Yoruba,AI-generated synthetic data
110,Olùkọ́ náà fẹ́ ìwé ní kutukutu.,Yoruba,AI-generated synthetic data
111,Nwa ahụ na-eje ije n'ụlọ ekpere echi.,Igbo,AI-generated synthetic data
112,"At work, the children are playing outside the house.",English,AI-generated synthetic data
113,Dọkịta ahụ mere ji n'oge.,Igbo,AI-generated synthetic data
114,Direban yana koyon bayanan taro.,Hausa,AI-generated synthetic data
115,Manajan yana shirya kayan aikin gona.,Hausa,AI-generated synthetic data
116,Ọ̀rẹ́ mi fẹ́ ìrẹsì ní ọ̀sán.,Yoruba,AI-generated synthetic data
117,Dalibin yana tattauna jadawalin isar da kaya.,Hausa,AI-generated synthetic data
118,"Yesterday, i am going to the market this morning.",English,AI-generated synthetic data
119,My brother is planning the network connection.,English,AI-generated synthetic data
120,Ọmọ náà ń ṣiṣẹ́ ní pápá ní ọ̀sẹ̀ yìí.,Yoruba,AI-generated synthetic data
121,A teacher is checking a research proposal.,English,AI-generated synthetic data
122,Nwanne nwanyị m nọ n'ogige taa.,Igbo,AI-generated synthetic data
123,Likitan yana gyara manhajar waya.,Hausa,AI-generated synthetic data
124,Àwọn ará wa dé sí mọ́sáláṣí ní ọ̀sán.,Yoruba,AI-generated synthetic data
125,Onye nkụzi ahụ chọrọ akpụkpọ ụkwụ n'oge.,Igbo,AI-generated synthetic data
126,Ó ṣe ẹja ọ̀la.,Yoruba,AI-generated synthetic data
127,Dalibin yana gina bayanan taro.,Hausa,AI-generated synthetic data
128,Mo ṣe ẹja ní ìparí ọ̀sẹ̀.,Yoruba,AI-generated synthetic data
129,The developer is learning the training materials.,English,AI-generated synthetic data
130,The developer is repairing the farm equipment.,English,AI-generated synthetic data
131,Nwoke ahụ chọrọ akpa n'izu a.,Igbo,AI-generated synthetic data
132,O ra àga ní ìparí ọ̀sẹ̀.,Yoruba,AI-generated synthetic data
133,Dókítà náà lo kámẹ́rà lónìí.,Yoruba,AI-generated synthetic data
134,Nwoke ahụ na-amụ ihe n'ogige ụnyaahụ.,Igbo,AI-generated synthetic data
135,Malamin yana duba rahoton.,Hausa,AI-generated synthetic data
136,M zụtara ọka na ngwụcha izu.,Igbo,AI-generated synthetic data
137,M hụrụ igodo na ngwụcha izu.,Igbo,AI-generated synthetic data
138,Anyị zụtara ekwentị n'isi ụtụtụ.,Igbo,AI-generated synthetic data
139,"In the afternoon, the engineer inspected the equipment before starting work.",English,AI-generated synthetic data
140,Malamin yana gyara jadawalin makaranta.,Hausa,AI-generated synthetic data
141,Ó wà ní àgbègbè wa ní òwúrọ̀.,Yoruba,AI-generated synthetic data
142,The farmer is organizing the meeting notes.,English,AI-generated synthetic data
143,"A wurin aiki, za mu iya duba rahoton yau?",Hausa,AI-generated synthetic data
144,The nurse is building the meeting notes.,English,AI-generated synthetic data
145,Our community is checking the report.,English,AI-generated synthetic data
146,Mai binciken yana duba jerin kaya.,Hausa,AI-generated synthetic data
147,Dókítà náà ń kọ́ ẹ̀kọ́ ní òpópónà ní òwúrọ̀.,Yoruba,AI-generated synthetic data
148,The engineer is reviewing a new project.,English,AI-generated synthetic data
149,Àwọn ará wa ń kọ́ ẹ̀kọ́ ní ọgbà ẹ̀kọ́ àná.,Yoruba,AI-generated synthetic data
150,Ọ̀rẹ́ mi ń kọ́ ẹ̀kọ́ ní ilé ìwòsàn ní kutukutu.,Yoruba,AI-generated synthetic data
151,"In the afternoon, please keep the equipment in a safe place.",English,AI-generated synthetic data
152,Nwanne nwoke m wetara ji n'ụtụtụ.,Igbo,AI-generated synthetic data
153,Mai bincike ya kwatanta samfurin koyon na'ura daban-daban.,Hausa,AI-generated synthetic data
154,Mo wà ní ilé ìwé ní kutukutu.,Yoruba,AI-generated synthetic data
155,Unu nọ n'chọọchị n'ehihie.,Igbo,AI-generated synthetic data
156,Ha na-eje ije n'ụlọ ọgwụ n'isi ụtụtụ.,Igbo,AI-generated synthetic data
157,Tawagar mu yana gyara jerin kaya.,Hausa,AI-generated synthetic data
158,Ụmụaka ahụ jiri nri n'isi ụtụtụ.,Igbo,AI-generated synthetic data
159,Onye nkụzi ahụ chọrọ azụ n'ehihie.,Igbo,AI-generated synthetic data
160,Akẹ́kọ̀ọ́ náà lo kámẹ́rà ní ọ̀sẹ̀ yìí.,Yoruba,AI-generated synthetic data
161,Ị jiri osikapa n'abalị.,Igbo,AI-generated synthetic data
162,Ẹyin lo àgbàdo ní ọ̀sẹ̀ yìí.,Yoruba,AI-generated synthetic data
163,Nwanyị ahụ nọ n'ụlọ na ngwụcha izu.,Igbo,AI-generated synthetic data
164,Ó ń ṣiṣẹ́ ní ilé ìtajà ní òwúrọ̀.,Yoruba,AI-generated synthetic data
165,The developer is discussing the delivery schedule.,English,AI-generated synthetic data
166,Mama mú kọ̀ǹpútà ní òwúrọ̀.,Yoruba,AI-generated synthetic data
167,Ma'aikaciyar jinya yana bitar rahoton.,Hausa,AI-generated synthetic data
168,Akẹ́kọ̀ọ́ náà lo ẹran ní òwúrọ̀.,Yoruba,AI-generated synthetic data
169,The driver is preparing the inventory list.,English,AI-generated synthetic data
170,"Today, the nurse checked the patient's temperature carefully.",English,AI-generated synthetic data
171,My brother is organizing a research proposal.,English,AI-generated synthetic data
172,Our community is building the delivery schedule.,English,AI-generated synthetic data
173,Wọ́n lo àga ní ọ̀sẹ̀ yìí.,Yoruba,AI-generated synthetic data
174,The nurse is discussing a mobile application.,English,AI-generated synthetic data
175,Ọmọ náà rí ẹran ní òru.,Yoruba,AI-generated synthetic data
176,"Da yamma, fasinjoji sun jira cikin hakuri a tashar mota.",Hausa,AI-generated synthetic data
177,Onye agbata obi anyị na-amụ ihe n'ụlọ ọgwụ na ngwụcha izu.,Igbo,AI-generated synthetic data
178,An matsar da taron zuwa ranar Juma'a.,Hausa,AI-generated synthetic data
179,Ị mere igodo n'abalị.,Igbo,AI-generated synthetic data
180,Obìnrin náà ń kọ́ ẹ̀kọ́ ní ọgbà àná.,Yoruba,AI-generated synthetic data
181,Ẹ káalẹ́,Yoruba,AI-generated synthetic data
182,Mai binciken yana karatu jerin kaya.,Hausa,AI-generated synthetic data
183,Baba fẹ́ fóònù lónìí.,Yoruba,AI-generated synthetic data
184,The farmer is repairing the inventory list.,English,AI-generated synthetic data
185,Nwa ahụ mere akwụkwọ nri n'abalị.,Igbo,AI-generated synthetic data
186,Nwanne nwoke m na-eje ije n'ụlọ akwụkwọ n'ụtụtụ.,Igbo,AI-generated synthetic data
187,Ọmọ náà dé sí ọgbà ẹ̀kọ́ ní alẹ́.,Yoruba,AI-generated synthetic data
188,Nwoke ahụ bịara n'ọbá akwụkwọ n'abalị.,Igbo,AI-generated synthetic data
189,Ma'aikaciyar jinya yana bitar kwamfutar.,Hausa,AI-generated synthetic data
190,Mai shirye-shiryen yana koyon jerin kaya.,Hausa,AI-generated synthetic data
191,Ha zụtara ekwentị taa.,Igbo,AI-generated synthetic data
192,Nwanyị ahụ wetara azụ n'oge.,Igbo,AI-generated synthetic data
193,Aládùúgbò wa ní ìwé lónìí.,Yoruba,AI-generated synthetic data
194,The manager is discussing the business plan.,English,AI-generated synthetic data
195,Al'ummar yana koyon shirin kasuwanci.,Hausa,AI-generated synthetic data
196,"Da safe, ma'aikaciyar jinya ta duba zafin jikin mara lafiya.",Hausa,AI-generated synthetic data
197,Onye nkụzi ahụ wetara anụ echi.,Igbo,AI-generated synthetic data
198,Onye nkụzi ahụ hụrụ igwefoto taa.,Igbo,AI-generated synthetic data
199,"A gida, wa ke da alhakin kayan aikin?",Hausa,AI-generated synthetic data
200,The engineer is discussing the school timetable.,English,AI-generated synthetic data
201,Mo ń ṣiṣẹ́ ní mọ́sáláṣí ní ọ̀sán.,Yoruba,AI-generated synthetic data
202,Ọ nọ n'ọdụ ụgbọala taa.,Igbo,AI-generated synthetic data
203,The manager is organizing the report.,English,AI-generated synthetic data
204,Nwa ahụ na-aga n'ụlọ ọgwụ n'izu a.,Igbo,AI-generated synthetic data
205,Ẹyin ní ọ̀gẹ̀dẹ̀ ní ọ̀sán.,Yoruba,AI-generated synthetic data
206,"Gobe, rumbun bayanai yana dauke da bayanai daga wurare da dama.",Hausa,AI-generated synthetic data
207,Direban yana koyon kayan horo.,Hausa,AI-generated synthetic data
208,Nwoke ahụ zụtara igodo na ngwụcha izu.,Igbo,AI-generated synthetic data
209,Dọkịta ahụ wetara uwe n'ụtụtụ.,Igbo,AI-generated synthetic data
210,The doctor is repairing the training materials.,English,AI-generated synthetic data
211,"Jiya, ya kamata mu tafi da wuri don guje wa cunkoso.",Hausa,AI-generated synthetic data
212,Nwanyị ahụ nọ n'ọfịs n'abalị.,Igbo,AI-generated synthetic data
213,Nwa ahụ wetara oche ụnyaahụ.,Igbo,AI-generated synthetic data
214,Nwanne nwoke m na-aga n'ọdụ ụgbọala n'ehihie.,Igbo,AI-generated synthetic data
215,The developer is checking the meeting notes.,English,AI-generated synthetic data
216,"Bayan cin abinci, ta yaya zan sake saita kalmar sirri?",Hausa,AI-generated synthetic data
217,Ọ na-amụ ihe n'ụlọ ekpere n'ụtụtụ.,Igbo,AI-generated synthetic data
218,Ọmọ náà fẹ́ ẹran ní ọ̀sẹ̀ yìí.,Yoruba,AI-generated synthetic data
219,My brother is repairing the farm equipment.,English,AI-generated synthetic data
220,Arábìnrin mi lo omi ní kutukutu.,Yoruba,AI-generated synthetic data
221,"Da safe, abincin gidan cin abincin ya yi dadi sosai.",Hausa,AI-generated synthetic data
222,Àwọn ọmọ rí oúnjẹ ní òru.,Yoruba,AI-generated synthetic data
223,Ị ghọtara ihe ọmụmụ ahụ?,Igbo,AI-generated synthetic data
224,Direban yana gyara samfurin koyon na'ura.,Hausa,AI-generated synthetic data
225,The farmer is repairing the network connection.,English,AI-generated synthetic data
226,Arákùnrin mi wà ní ọ́fíìsì lónìí.,Yoruba,AI-generated synthetic data
227,Awa mú ọ̀gẹ̀dẹ̀ ní ọ̀sẹ̀ yìí.,Yoruba,AI-generated synthetic data
228,A teacher is preparing a research proposal.,English,AI-generated synthetic data
229,Nna wetara akwụkwọ nri n'ụtụtụ.,Igbo,AI-generated synthetic data
230,Our team is preparing the machine learning model.,English,AI-generated synthetic data
231,Injiniyan yana bitar sabon aiki.,Hausa,AI-generated synthetic data
232,Aládùúgbò wa ra ẹja ní ọ̀sẹ̀ yìí.,Yoruba,AI-generated synthetic data
233,My brother is studying the farm equipment.,English,AI-generated synthetic data
234,Anyị na-amụ ihe n'ụlọ n'oge.,Igbo,AI-generated synthetic data
235,Mai shirye-shiryen yana karatu jadawalin isar da kaya.,Hausa,AI-generated synthetic data
236,Ma'aikaciyar jinya yana tsara bayanan mara lafiya.,Hausa,AI-generated synthetic data
237,"A wurin aiki, don Allah ka tuna ka cajin wayarka.",Hausa,AI-generated synthetic data
238,Dalibin yana tsara rahoton.,Hausa,AI-generated synthetic data
239,My brother is building the computer.,English,AI-generated synthetic data
240,"Yesterday, my sister bought a new pair of shoes.",English,AI-generated synthetic data
241,Where can I buy fresh vegetables?,English,AI-generated synthetic data
242,Aládùúgbò wa wà ní ọgbà ní kutukutu.,Yoruba,AI-generated synthetic data
243,Baba wà ní ọgbà lónìí.,Yoruba,AI-generated synthetic data
244,Wọ́n fẹ́ fóònù ní ọ̀sẹ̀ yìí.,Yoruba,AI-generated synthetic data
245,Ọ̀rẹ́ mi lọ sí mọ́sáláṣí ní kutukutu.,Yoruba,AI-generated synthetic data
246,Dan uwana yana karatu bayanan taro.,Hausa,AI-generated synthetic data
247,Mama lọ sí ọgbà ẹ̀kọ́ ní alẹ́.,Yoruba,AI-generated synthetic data
248,The manager is organizing a new project.,English,AI-generated synthetic data
249,M na-amụ ihe n'ogige n'ehihie.,Igbo,AI-generated synthetic data
250,Dan uwana yana tsara jadawalin isar da kaya.,Hausa,AI-generated synthetic data
251,Tawagar mu yana koyon bayanan taro.,Hausa,AI-generated synthetic data
252,The nurse is organizing the training materials.,English,AI-generated synthetic data
253,My friend is repairing the school timetable.,English,AI-generated synthetic data
254,Awa wà ní ọgbà ẹ̀kọ́ ní kutukutu.,Yoruba,AI-generated synthetic data
255,Baba ń kọ́ ẹ̀kọ́ ní ilé ìtajà lónìí.,Yoruba,AI-generated synthetic data
256,Onye agbata obi anyị jiri akwụkwọ n'izu a.,Igbo,AI-generated synthetic data
257,Aládùúgbò wa ra kọ̀ǹpútà ní alẹ́.,Yoruba,AI-generated synthetic data
258,Ma'aikaciyar jinya yana tsara sabon aiki.,Hausa,AI-generated synthetic data
259,Enyi m nwere anụ n'izu a.,Igbo,AI-generated synthetic data
260,Nwanne m nọ n'ụlọ ọgwụ n'abalị.,Igbo,AI-generated synthetic data
261,Likitan yana bitar kayan aikin gona.,Hausa,AI-generated synthetic data
262,The researcher collected responses from several participants.,English,AI-generated synthetic data
263,The doctor is learning a new project.,English,AI-generated synthetic data
264,Nwoke ahụ zụtara mmiri n'ụtụtụ.,Igbo,AI-generated synthetic data
265,"Yayin taro, allon bayanai yana nuna sabbin alkaluman kaya.",Hausa,AI-generated synthetic data
266,Mo rí àgbàdo ní ọ̀sán.,Yoruba,AI-generated synthetic data
267,Ụmụaka ahụ na-amụ ihe n'ahịa ụnyaahụ.,Igbo,AI-generated synthetic data
268,Nwa akwụkwọ ahụ wetara uwe ụnyaahụ.,Igbo,AI-generated synthetic data
269,Ụmụaka ahụ jiri tebụl ụnyaahụ.,Igbo,AI-generated synthetic data
270,Unu zụtara uwe n'oge.,Igbo,AI-generated synthetic data
271,The farmer is discussing the computer.,English,AI-generated synthetic data
272,Olùkọ́ náà wà ní pápá ní ìparí ọ̀sẹ̀.,Yoruba,AI-generated synthetic data
273,Manomin yana koyon kwamfutar.,Hausa,AI-generated synthetic data
274,Ọkùnrin náà mú ìwé ní ìparí ọ̀sẹ̀.,Yoruba,AI-generated synthetic data
275,Wọ́n rí ọ̀gẹ̀dẹ̀ ní alẹ́.,Yoruba,AI-generated synthetic data
276,The nurse is building the school timetable.,English,AI-generated synthetic data
277,"A gida, na gode sosai da taimakonka kan aikin.",Hausa,AI-generated synthetic data
278,Akẹ́kọ̀ọ́ náà ń rìn ní ilé ìwé lónìí.,Yoruba,AI-generated synthetic data
279,"Yau, wutar lantarki ta dauke da yamma.",Hausa,AI-generated synthetic data
280,Àwọn ọmọ ní kọ́kọ́rọ́ ní òru.,Yoruba,AI-generated synthetic data
281,Olùkọ́ náà dé sí pápá ní òwúrọ̀.,Yoruba,AI-generated synthetic data
282,The engineer is repairing the business plan.,English,AI-generated synthetic data
283,My brother is discussing the report.,English,AI-generated synthetic data
284,Ọmọ náà mú kọ̀ǹpútà ní alẹ́.,Yoruba,AI-generated synthetic data
285,"Gobe, ma'aikaciyar jinya ta duba zafin jikin mara lafiya.",Hausa,AI-generated synthetic data
286,Injiniyan yana gina sabon aiki.,Hausa,AI-generated synthetic data
287,The developer is repairing the delivery schedule.,English,AI-generated synthetic data
288,Wọ́n lọ sí ọjà àná.,Yoruba,AI-generated synthetic data
289,"After lunch, the network administrator checked the router.",English,AI-generated synthetic data
290,The doctor is building the inventory list.,English,AI-generated synthetic data
291,Ụmụaka ahụ chọrọ akpa ụnyaahụ.,Igbo,AI-generated synthetic data
292,My friend is planning the machine learning model.,English,AI-generated synthetic data
293,My friend is repairing the meeting notes.,English,AI-generated synthetic data
294,Anyị nwere unere n'ụtụtụ.,Igbo,AI-generated synthetic data
295,Tawagar mu yana karatu bayanan taro.,Hausa,AI-generated synthetic data
296,Gịnị bụ aha gị?,Igbo,AI-generated synthetic data
297,Dan uwana yana bitar manhajar waya.,Hausa,AI-generated synthetic data
298,Wọ́n fẹ́ àga ní òwúrọ̀.,Yoruba,AI-generated synthetic data
299,Mai shirye-shiryen yana shirya rahoton.,Hausa,AI-generated synthetic data
300,Injiniyan yana karatu kwamfutar.,Hausa,AI-generated synthetic data
301,My brother is repairing the training materials.,English,AI-generated synthetic data
302,"In the afternoon, where did you keep the document?",English,AI-generated synthetic data
303,My friend is discussing the business plan.,English,AI-generated synthetic data
304,Al'ummar yana gyara bayanan taro.,Hausa,AI-generated synthetic data
305,The manager is checking the network connection.,English,AI-generated synthetic data
306,Dókítà náà rí ìwé ní kutukutu.,Yoruba,AI-generated synthetic data
307,The engineer is organizing the inventory list.,English,AI-generated synthetic data
308,Onye agbata obi anyị zụtara tebụl n'ụtụtụ.,Igbo,AI-generated synthetic data
309,Dalibin yana shirya shirin kasuwanci.,Hausa,AI-generated synthetic data
310,The doctor is studying the computer.,English,AI-generated synthetic data
311,Nwa ahụ hụrụ kọmputa na ngwụcha izu.,Igbo,AI-generated synthetic data
312,Nwanne m na-amụ ihe n'ọbá akwụkwọ echi.,Igbo,AI-generated synthetic data
313,The developer is building the training materials.,English,AI-generated synthetic data
314,Awa ń ṣiṣẹ́ ní mọ́sáláṣí ọ̀la.,Yoruba,AI-generated synthetic data
315,Dọkịta ahụ chọrọ azụ n'isi ụtụtụ.,Igbo,AI-generated synthetic data
316,A teacher is reviewing the inventory list.,English,AI-generated synthetic data
317,"At home, the computer needs an update before the software can run.",English,AI-generated synthetic data
318,Ị nọ n'chọọchị na ngwụcha izu.,Igbo,AI-generated synthetic data
319,Al'ummar yana tsara jerin kaya.,Hausa,AI-generated synthetic data
320,Awa ṣe àgbàdo ní ọ̀sán.,Yoruba,AI-generated synthetic data
321,Onye agbata obi anyị wetara akwụkwọ na ngwụcha izu.,Igbo,AI-generated synthetic data
322,Mo ń ṣiṣẹ́ ní ọ́fíìsì ọ̀la.,Yoruba,AI-generated synthetic data
323,Mai binciken yana gyara hanyar sadarwa.,Hausa,AI-generated synthetic data
324,Arákùnrin mi ń kọ́ ẹ̀kọ́ ní mọ́sáláṣí ọ̀la.,Yoruba,AI-generated synthetic data
325,"Bayan cin abinci, suna jiran motar bas.",Hausa,AI-generated synthetic data
326,A researcher is organizing a research proposal.,English,AI-generated synthetic data
327,O wà ní ilé ọ̀rẹ́ mi ọ̀la.,Yoruba,AI-generated synthetic data
328,The driver is building the delivery schedule.,English,AI-generated synthetic data
329,Dókítà náà ní ẹ̀fọ́ àná.,Yoruba,AI-generated synthetic data
330,A researcher is planning the meeting notes.,English,AI-generated synthetic data
331,"Da yamma, mai bincike ya kwatanta samfurin koyon na'ura daban-daban.",Hausa,AI-generated synthetic data
332,"In the afternoon, the meeting has been moved to Friday.",English,AI-generated synthetic data
333,"Da rana, wa ke da alhakin kayan aikin?",Hausa,AI-generated synthetic data
334,Ó mú ìrẹsì ní òru.,Yoruba,AI-generated synthetic data
335,Awa ń ṣiṣẹ́ ní ibùdó ọkọ̀ ní ọ̀sán.,Yoruba,AI-generated synthetic data
336,Ẹyin fẹ́ ẹ̀wà ní ọ̀sẹ̀ yìí.,Yoruba,AI-generated synthetic data
337,Dan uwana yana karatu kayan aikin gona.,Hausa,AI-generated synthetic data
338,"Jiya, rahoton ya kunshi sakamakon gwajin.",Hausa,AI-generated synthetic data
339,The engineer is studying the training materials.,English,AI-generated synthetic data
340,Nwanne m na-aga n'ọgbọ egwuregwu n'abalị.,Igbo,AI-generated synthetic data
341,Unu mere ọka n'oge.,Igbo,AI-generated synthetic data
342,"At work, the model classifies short text into different languages.",English,AI-generated synthetic data
343,The doctor is repairing a new project.,English,AI-generated synthetic data
344,Nwa akwụkwọ ahụ mere anụ ụnyaahụ.,Igbo,AI-generated synthetic data
345,Onye nkụzi ahụ nọ n'ụlọ ekpere n'izu a.,Igbo,AI-generated synthetic data
346,Arákùnrin mi ń rìn ní ọjà ní ọ̀sán.,Yoruba,AI-generated synthetic data
347,Dọkịta ahụ na-amụ ihe n'ụlọ ahịa n'abalị.,Igbo,AI-generated synthetic data
348,Our community is reviewing the machine learning model.,English,AI-generated synthetic data
349,Mo ṣe oúnjẹ ní alẹ́.,Yoruba,AI-generated synthetic data
350,O ń kọ́ ẹ̀kọ́ ní pápá ní ọ̀sán.,Yoruba,AI-generated synthetic data
351,"A gida, ka kammala aikin gida?",Hausa,AI-generated synthetic data
352,A teacher is building the machine learning model.,English,AI-generated synthetic data
353,Injiniyan yana tattauna samfurin koyon na'ura.,Hausa,AI-generated synthetic data
354,A researcher is preparing a mobile application.,English,AI-generated synthetic data
355,"Yau, ya kamata mu tattauna batun kafin gobe.",Hausa,AI-generated synthetic data
356,Anyị nọ n'ụlọ ahịa n'ehihie.,Igbo,AI-generated synthetic data
357,Ma'aikaciyar jinya yana gyara shirin kasuwanci.,Hausa,AI-generated synthetic data
358,Nwanne m zụtara akwụkwọ n'abalị.,Igbo,AI-generated synthetic data
359,Al'ummar yana gyara kwamfutar.,Hausa,AI-generated synthetic data
360,Ndo,Igbo,AI-generated synthetic data
361,Aládùúgbò wa rí ẹja ní alẹ́.,Yoruba,AI-generated synthetic data
362,Ị chọrọ unere echi.,Igbo,AI-generated synthetic data
363,Malamin yana karatu jerin kaya.,Hausa,AI-generated synthetic data
364,Direban yana karatu bayanan taro.,Hausa,AI-generated synthetic data
365,O mú àpò lónìí.,Yoruba,AI-generated synthetic data
366,The doctor is building the computer.,English,AI-generated synthetic data
367,Direban ya jira fasinjoji kusa da tashar mota.,Hausa,AI-generated synthetic data
368,Olùkọ́ náà rí àkàrà ní òru.,Yoruba,AI-generated synthetic data
369,Manomin yana bitar takardar bincike.,Hausa,AI-generated synthetic data
370,Mo yé mi,Yoruba,AI-generated synthetic data
371,"Jiya, ina zan sayi sabbin kayan lambu?",Hausa,AI-generated synthetic data
372,Injiniyan yana koyon rahoton.,Hausa,AI-generated synthetic data
373,O ṣe kọ́kọ́rọ́ ní alẹ́.,Yoruba,AI-generated synthetic data
374,Mo ti ṣetán,Yoruba,AI-generated synthetic data
375,Al'ummar yana tattauna kwamfutar.,Hausa,AI-generated synthetic data
376,M na-aga n'ụlọ ọgwụ taa.,Igbo,AI-generated synthetic data
377,The developer is studying the training materials.,English,AI-generated synthetic data
378,"Da rana, ya kamata mu tattauna batun kafin gobe.",Hausa,AI-generated synthetic data
379,Ọ wetara osikapa n'oge.,Igbo,AI-generated synthetic data
380,Mo ń kọ́ ẹ̀kọ́ ní òpópónà àná.,Yoruba,AI-generated synthetic data
381,Obìnrin náà wà ní ibùdó ọkọ̀ ní òru.,Yoruba,AI-generated synthetic data
382,The manager is building the meeting notes.,English,AI-generated synthetic data
383,"A wurin aiki, don Allah ka duba bayanan kafin ka aika da fom.",Hausa,AI-generated synthetic data
384,Nne hụrụ ekwentị n'izu a.,Igbo,AI-generated synthetic data
385,Likitan yana karatu kayan horo.,Hausa,AI-generated synthetic data
386,Malamin yana tattauna kayan aikin gona.,Hausa,AI-generated synthetic data
387,Nwanne nwanyị m hụrụ anụ echi.,Igbo,AI-generated synthetic data
388,My friend is building the training materials.,English,AI-generated synthetic data
389,"After lunch, the electricity went off during the evening.",English,AI-generated synthetic data
390,Anyị na-amụ ihe n'ogige taa.,Igbo,AI-generated synthetic data
391,"Jiya, ta yaya zan sake saita kalmar sirri?",Hausa,AI-generated synthetic data
392,Injiniyan yana gina bayanan taro.,Hausa,AI-generated synthetic data
393,Ọkùnrin náà mú aṣọ ní alẹ́.,Yoruba,AI-generated synthetic data
394,Ọ̀rẹ́ mi mú omi àná.,Yoruba,AI-generated synthetic data
395,Enyi m mere kọmputa n'abalị.,Igbo,AI-generated synthetic data
396,Nwanne m wetara mmiri n'ehihie.,Igbo,AI-generated synthetic data
397,Ọmọ náà dé sí ibùdó ọkọ̀ ní ọ̀sán.,Yoruba,AI-generated synthetic data
398,Ọmọ náà ń kọ́ ẹ̀kọ́ ní ilé ìwé ní òru.,Yoruba,AI-generated synthetic data
399,"A gida, mun gwada API kafin mu hada shi da manhajar.",Hausa,AI-generated synthetic data
400,"A wurin aiki, likita ya shawarci mara lafiya ya kara shan ruwa.",Hausa,AI-generated synthetic data
401,Mama lo fóònù ní ìparí ọ̀sẹ̀.,Yoruba,AI-generated synthetic data
402,My friend is reviewing the machine learning model.,English,AI-generated synthetic data
403,Tawagar mu yana duba manhajar waya.,Hausa,AI-generated synthetic data
404,Dalibin yana duba rahoton.,Hausa,AI-generated synthetic data
405,A teacher is discussing the business plan.,English,AI-generated synthetic data
406,"Yayin taro, al'umma ta shirya aikin tsaftace muhalli ranar Asabar.",Hausa,AI-generated synthetic data
407,A researcher is building the network connection.,English,AI-generated synthetic data
408,Awa lọ sí ibùdó ọkọ̀ lónìí.,Yoruba,AI-generated synthetic data
409,Ọ̀rẹ́ mi dé sí ọjà ní ọ̀sẹ̀ yìí.,Yoruba,AI-generated synthetic data
410,"Yau, allon bayanai yana nuna sabbin alkaluman kaya.",Hausa,AI-generated synthetic data
411,The student is discussing the delivery schedule.,English,AI-generated synthetic data
412,"In the morning, the training data should represent all four languages.",English,AI-generated synthetic data
413,Likitan yana duba manhajar waya.,Hausa,AI-generated synthetic data
414,Direban yana duba samfurin koyon na'ura.,Hausa,AI-generated synthetic data
415,"Yau, iyali sun shirya abinci domin baki.",Hausa,AI-generated synthetic data
416,The developer is checking a mobile application.,English,AI-generated synthetic data
417,A teacher is studying the delivery schedule.,English,AI-generated synthetic data
418,Tawagar mu yana bitar samfurin koyon na'ura.,Hausa,AI-generated synthetic data
419,Ị nwere ji n'ụtụtụ.,Igbo,AI-generated synthetic data
420,The farmer is planning the machine learning model.,English,AI-generated synthetic data
421,Nwanne m bịara n'ụlọ akwụkwọ n'isi ụtụtụ.,Igbo,AI-generated synthetic data
422,"Jiya, abincin gidan cin abincin ya yi dadi sosai.",Hausa,AI-generated synthetic data
423,My brother is reviewing the network connection.,English,AI-generated synthetic data
424,Anyị wetara igodo taa.,Igbo,AI-generated synthetic data
425,"At home, please check the details before submitting the form.",English,AI-generated synthetic data
426,The developer is studying a research proposal.,English,AI-generated synthetic data
427,The farmer is planning the network connection.,English,AI-generated synthetic data
428,The developer is preparing the training materials.,English,AI-generated synthetic data
429,"Today, please check the details before submitting the form.",English,AI-generated synthetic data
430,"Bayan cin abinci, ka kammala aikin gida?",Hausa,AI-generated synthetic data
431,"In the evening, the network administrator checked the router.",English,AI-generated synthetic data
432,Dókítà náà dé sí òpópónà ní ọ̀sẹ̀ yìí.,Yoruba,AI-generated synthetic data
433,Ẹyin lọ sí ọ́fíìsì lónìí.,Yoruba,AI-generated synthetic data
434,Ọkùnrin náà ń ṣiṣẹ́ ní ọgbà àná.,Yoruba,AI-generated synthetic data
435,My brother is building the report.,English,AI-generated synthetic data
436,"Da yamma, ta yaya zan sake saita kalmar sirri?",Hausa,AI-generated synthetic data
437,Unu hụrụ agwa n'oge.,Igbo,AI-generated synthetic data
438,The doctor is building the network connection.,English,AI-generated synthetic data
439,My brother is planning the business plan.,English,AI-generated synthetic data
440,Arábìnrin mi dé sí ilé ẹ̀kọ́ ní alẹ́.,Yoruba,AI-generated synthetic data
441,Mai shirye-shiryen yana duba kayan aikin gona.,Hausa,AI-generated synthetic data
442,Daalụ,Igbo,AI-generated synthetic data
443,Direban yana duba jerin kaya.,Hausa,AI-generated synthetic data
444,"Da safe, tawagar ta kammala aikin akan lokaci.",Hausa,AI-generated synthetic data
445,The doctor is organizing the network connection.,English,AI-generated synthetic data
446,"Yesterday, she cooked rice for the whole family.",English,AI-generated synthetic data
447,Abokina yana duba hanyar sadarwa.,Hausa,AI-generated synthetic data
448,Ọkùnrin náà ra àpò ní ọ̀sẹ̀ yìí.,Yoruba,AI-generated synthetic data
449,Ị bịara n'ogige taa.,Igbo,AI-generated synthetic data
450,A researcher is studying a new project.,English,AI-generated synthetic data
451,The developer is discussing the patient record.,English,AI-generated synthetic data
452,Nwanne nwanyị m jiri mmiri n'isi ụtụtụ.,Igbo,AI-generated synthetic data
453,Arábìnrin mi dé sí àgbègbè wa ní ọ̀sán.,Yoruba,AI-generated synthetic data
454,M na-arụ ọrụ n'ụlọ n'ehihie.,Igbo,AI-generated synthetic data
455,Malamin yana tattauna kayan horo.,Hausa,AI-generated synthetic data
456,Nwanne nwanyị m jiri ji n'ụtụtụ.,Igbo,AI-generated synthetic data
457,Likitan yana tattauna sabon aiki.,Hausa,AI-generated synthetic data
458,Al'ummar yana tsara jadawalin isar da kaya.,Hausa,AI-generated synthetic data
459,Wọ́n dé sí ilé ìwé ní alẹ́.,Yoruba,AI-generated synthetic data
460,Likitan yana duba jadawalin isar da kaya.,Hausa,AI-generated synthetic data
461,Ọ̀rẹ́ mi ní omi ní kutukutu.,Yoruba,AI-generated synthetic data
462,Ọkùnrin náà ń rìn ní ilé ọ̀rẹ́ mi lónìí.,Yoruba,AI-generated synthetic data
463,Unu na-amụ ihe n'ahịa taa.,Igbo,AI-generated synthetic data
464,Abokina yana karatu bayanan taro.,Hausa,AI-generated synthetic data
465,Onye nkụzi ahụ na-amụ ihe n'ụlọ ekpere n'izu a.,Igbo,AI-generated synthetic data
466,Enyi m nọ n'ọgbọ egwuregwu n'abalị.,Igbo,AI-generated synthetic data
467,Likitan yana tsara shirin kasuwanci.,Hausa,AI-generated synthetic data
468,Àwọn ará wa dé sí ọ́fíìsì ọ̀la.,Yoruba,AI-generated synthetic data
469,Onye nkụzi ahụ bịara n'ọfịs n'ụtụtụ.,Igbo,AI-generated synthetic data
470,The nurse is discussing the meeting notes.,English,AI-generated synthetic data
471,"At home, the training data should represent all four languages.",English,AI-generated synthetic data
472,Ha hụrụ oche taa.,Igbo,AI-generated synthetic data
473,Please check the details before submitting the form.,English,AI-generated synthetic data
474,Ọ̀rẹ́ mi wà ní òpópónà ọ̀la.,Yoruba,AI-generated synthetic data
475,Manomin yana shirya takardar bincike.,Hausa,AI-generated synthetic data
476,The developer is discussing the inventory list.,English,AI-generated synthetic data
477,My brother is learning the training materials.,English,AI-generated synthetic data
478,Anyị zụtara agwa n'izu a.,Igbo,AI-generated synthetic data
479,Nwa ahụ na-eje ije n'ọbá akwụkwọ n'abalị.,Igbo,AI-generated synthetic data
480,Manajan yana tattauna sabon aiki.,Hausa,AI-generated synthetic data
481,Onye agbata obi anyị na-arụ ọrụ n'ụlọ enyi m n'ụtụtụ.,Igbo,AI-generated synthetic data
482,The nurse is building a mobile application.,English,AI-generated synthetic data
483,Dan uwana yana bitar jerin kaya.,Hausa,AI-generated synthetic data
484,Likitan yana bitar jerin kaya.,Hausa,AI-generated synthetic data
485,Ị nwere ọka n'isi ụtụtụ.,Igbo,AI-generated synthetic data
486,Can we review the report today?,English,AI-generated synthetic data
487,Injiniyan yana tsara samfurin koyon na'ura.,Hausa,AI-generated synthetic data
488,Ẹyin ń kọ́ ẹ̀kọ́ ní ibùdó ọkọ̀ ní ọ̀sán.,Yoruba,AI-generated synthetic data
489,A researcher is planning a mobile application.,English,AI-generated synthetic data
490,The nurse is building the network connection.,English,AI-generated synthetic data
491,"Yayin taro, sabon shirin zai fara wata mai zuwa.",Hausa,AI-generated synthetic data
492,My brother is preparing the inventory list.,English,AI-generated synthetic data
493,Mama lọ sí ilé ẹ̀kọ́ ní ìparí ọ̀sẹ̀.,Yoruba,AI-generated synthetic data
494,Nwanne m nwere osikapa n'ehihie.,Igbo,AI-generated synthetic data
495,Malamin yana gina bayanan taro.,Hausa,AI-generated synthetic data
496,Nwa ahụ bịara n'ụlọ na ngwụcha izu.,Igbo,AI-generated synthetic data
497,Manajan yana duba jadawalin isar da kaya.,Hausa,AI-generated synthetic data
498,Direban yana koyon sabon aiki.,Hausa,AI-generated synthetic data
499,Aghọtaghị m,Igbo,AI-generated synthetic data
500,Ẹyin dé sí ilé ọ̀rẹ́ mi ní òwúrọ̀.,Yoruba,AI-generated synthetic data
501,A researcher is repairing the machine learning model.,English,AI-generated synthetic data
502,"Yau, ma'aikacin hanyar sadarwa ya duba na'urar router.",Hausa,AI-generated synthetic data
503,Direban yana karatu samfurin koyon na'ura.,Hausa,AI-generated synthetic data
504,A teacher is checking the machine learning model.,English,AI-generated synthetic data
505,The engineer is discussing the meeting notes.,English,AI-generated synthetic data
506,Arákùnrin mi lo ẹran ní ìparí ọ̀sẹ̀.,Yoruba,AI-generated synthetic data
507,Olùkọ́ náà lọ sí ibùdó ọkọ̀ ní kutukutu.,Yoruba,AI-generated synthetic data
508,Baba ṣe àgbàdo ní ọ̀sẹ̀ yìí.,Yoruba,AI-generated synthetic data
509,Mai shirye-shiryen yana tsara jadawalin makaranta.,Hausa,AI-generated synthetic data
510,Àwọn ará wa ń kọ́ ẹ̀kọ́ ní ọ́fíìsì ní alẹ́.,Yoruba,AI-generated synthetic data
511,Wọ́n ra ẹran ní òru.,Yoruba,AI-generated synthetic data
512,Arákùnrin mi lo ìrẹsì ọ̀la.,Yoruba,AI-generated synthetic data
513,The engineer is organizing a research proposal.,English,AI-generated synthetic data
514,Onye agbata obi anyị jiri akwụkwọ nri ụnyaahụ.,Igbo,AI-generated synthetic data
515,The farmer is discussing the training materials.,English,AI-generated synthetic data
516,Our community is planning a mobile application.,English,AI-generated synthetic data
517,Olùkọ́ náà ń ṣiṣẹ́ ní àgbègbè wa ní ọ̀sán.,Yoruba,AI-generated synthetic data
518,"A gida, don Allah ka duba bayanan kafin ka aika da fom.",Hausa,AI-generated synthetic data
519,Injiniyan yana bitar kayan aikin gona.,Hausa,AI-generated synthetic data
520,Abokina yana duba takardar bincike.,Hausa,AI-generated synthetic data
521,Nna nọ n'ụlọ ahịa taa.,Igbo,AI-generated synthetic data
522,Ó rí ẹ̀wà ní òwúrọ̀.,Yoruba,AI-generated synthetic data
523,"During the meeting, the food at the restaurant was delicious.",English,AI-generated synthetic data
524,Nwanne nwanyị m zụtara igwefoto echi.,Igbo,AI-generated synthetic data
525,Onye nkụzi ahụ nọ n'okporo ụzọ n'oge.,Igbo,AI-generated synthetic data
526,Enyi m zụtara igwefoto na ngwụcha izu.,Igbo,AI-generated synthetic data
527,Dókítà náà ń rìn ní ilé ọ̀rẹ́ mi ní ọ̀sán.,Yoruba,AI-generated synthetic data
528,Mai shirye-shiryen yana gyara shirin kasuwanci.,Hausa,AI-generated synthetic data
529,Gịnị ka ị chọrọ ịṅụ?,Igbo,AI-generated synthetic data
530,Our community is preparing the training materials.,English,AI-generated synthetic data
531,Ha wetara unere ụnyaahụ.,Igbo,AI-generated synthetic data
532,Àwọn ará wa lo kọ́kọ́rọ́ ní alẹ́.,Yoruba,AI-generated synthetic data
533,Arákùnrin mi lo omi ní alẹ́.,Yoruba,AI-generated synthetic data
534,Dókítà náà mú ẹran ní òwúrọ̀.,Yoruba,AI-generated synthetic data
535,Manomin yana koyon kayan horo.,Hausa,AI-generated synthetic data
536,The engineer is checking the meeting notes.,English,AI-generated synthetic data
537,Nna mere ọka n'izu a.,Igbo,AI-generated synthetic data
538,Dan uwana yana gyara manhajar waya.,Hausa,AI-generated synthetic data
539,Ụmụaka ahụ mere nri n'ehihie.,Igbo,AI-generated synthetic data
540,Unu jiri ọka n'izu a.,Igbo,AI-generated synthetic data
541,The driver is repairing the delivery schedule.,English,AI-generated synthetic data
542,"A gida, mai bincike ya tattara amsoshi daga mahalarta da dama.",Hausa,AI-generated synthetic data
543,The nurse is planning the business plan.,English,AI-generated synthetic data
544,Malamin yana gina jadawalin isar da kaya.,Hausa,AI-generated synthetic data
545,Our team is planning the training materials.,English,AI-generated synthetic data
546,Mai binciken yana shirya bayanan taro.,Hausa,AI-generated synthetic data
547,Nwanyị ahụ nwere tebụl n'ehihie.,Igbo,AI-generated synthetic data
548,Nwoke ahụ hụrụ tebụl echi.,Igbo,AI-generated synthetic data
549,"In the afternoon, have you completed the assignment?",English,AI-generated synthetic data
550,Ọmọ náà mú ẹ̀wà ní ọ̀sẹ̀ yìí.,Yoruba,AI-generated synthetic data
551,Ẹyin ń rìn ní ọgbà ẹ̀kọ́ ní òru.,Yoruba,AI-generated synthetic data
552,A researcher is reviewing the school timetable.,English,AI-generated synthetic data
553,The doctor is repairing the meeting notes.,English,AI-generated synthetic data
554,"A wurin aiki, ma'aikacin hanyar sadarwa ya duba na'urar router.",Hausa,AI-generated synthetic data
555,My friend is building the inventory list.,English,AI-generated synthetic data
556,Awa ní àga ní ọ̀sẹ̀ yìí.,Yoruba,AI-generated synthetic data
557,Injiniyan yana bitar jadawalin isar da kaya.,Hausa,AI-generated synthetic data
558,Injiniyan yana shirya rahoton.,Hausa,AI-generated synthetic data
559,Ẹyin mú bàtà ní ọ̀sán.,Yoruba,AI-generated synthetic data
560,The nurse is planning the patient record.,English,AI-generated synthetic data
561,We cleaned the dataset before training the classifier.,English,AI-generated synthetic data
562,Malamin yana tattauna jadawalin makaranta.,Hausa,AI-generated synthetic data
563,The doctor is learning the delivery schedule.,English,AI-generated synthetic data
564,The driver is preparing the meeting notes.,English,AI-generated synthetic data
565,Nwoke ahụ na-eje ije n'ụlọ enyi m n'izu a.,Igbo,AI-generated synthetic data
566,Ụmụaka ahụ chọrọ igodo n'izu a.,Igbo,AI-generated synthetic data
567,Ọ hụrụ akpa n'ehihie.,Igbo,AI-generated synthetic data
568,"Da yamma, makaniki ya sauya bangaren da ya lalace.",Hausa,AI-generated synthetic data
569,Aládùúgbò wa mú aṣọ ní òwúrọ̀.,Yoruba,AI-generated synthetic data
570,Ó rí ọ̀gẹ̀dẹ̀ lónìí.,Yoruba,AI-generated synthetic data
571,Our team is repairing a mobile application.,English,AI-generated synthetic data
572,Ị wetara osikapa n'ehihie.,Igbo,AI-generated synthetic data
573,Obìnrin náà mú oúnjẹ àná.,Yoruba,AI-generated synthetic data
574,The doctor is organizing a mobile application.,English,AI-generated synthetic data
575,"At work, the trader recorded every sale in a notebook.",English,AI-generated synthetic data
576,The student is preparing the inventory list.,English,AI-generated synthetic data
577,Abokina yana karatu samfurin koyon na'ura.,Hausa,AI-generated synthetic data
578,A researcher is studying the report.,English,AI-generated synthetic data
579,Dan uwana yana tsara shirin kasuwanci.,Hausa,AI-generated synthetic data
580,Mo lọ sí ọ́fíìsì ní kutukutu.,Yoruba,AI-generated synthetic data
581,Mama ṣe ẹ̀fọ́ ní òwúrọ̀.,Yoruba,AI-generated synthetic data
582,Arábìnrin mi wà ní ilé ní òwúrọ̀.,Yoruba,AI-generated synthetic data
583,Obìnrin náà wà ní ọgbà ní òwúrọ̀.,Yoruba,AI-generated synthetic data
584,Wọ́n fẹ́ kọ̀ǹpútà ní òru.,Yoruba,AI-generated synthetic data
585,Direban yana gyara rahoton.,Hausa,AI-generated synthetic data
586,Nne na-arụ ọrụ n'ụlọ ekpere n'abalị.,Igbo,AI-generated synthetic data
587,Baba ń rìn ní ilé àná.,Yoruba,AI-generated synthetic data
588,Nwanyị ahụ na-eje ije n'ụlọ ahịa n'oge.,Igbo,AI-generated synthetic data
589,Ha nọ n'ụlọ enyi m n'ụtụtụ.,Igbo,AI-generated synthetic data
590,The farmer is organizing the business plan.,English,AI-generated synthetic data
591,"A gida, karfe nawa motar bas za ta tashi?",Hausa,AI-generated synthetic data
592,Our community is organizing the meeting notes.,English,AI-generated synthetic data
593,"Da safe, ta yaya za mu inganta tsarin?",Hausa,AI-generated synthetic data
594,Dókítà náà lo àkàrà ní kutukutu.,Yoruba,AI-generated synthetic data
595,Mo ń rìn ní ilé àná.,Yoruba,AI-generated synthetic data
596,"At home, i have not received the message yet.",English,AI-generated synthetic data
597,The driver is repairing the school timetable.,English,AI-generated synthetic data
598,Unu hụrụ unere n'ụtụtụ.,Igbo,AI-generated synthetic data
599,Our team is reviewing the business plan.,English,AI-generated synthetic data
600,The developer is studying the delivery schedule.,English,AI-generated synthetic data
601,"At work, the report contains the results of the experiment.",English,AI-generated synthetic data
602,The nurse is studying the machine learning model.,English,AI-generated synthetic data
603,Arákùnrin mi lọ sí ilé ìwé ní ọ̀sán.,Yoruba,AI-generated synthetic data
604,"Tomorrow, the meeting was longer than expected.",English,AI-generated synthetic data
605,Tawagar mu yana tattauna samfurin koyon na'ura.,Hausa,AI-generated synthetic data
606,The engineer is reviewing the network connection.,English,AI-generated synthetic data
607,Mai shirye-shiryen yana shirya manhajar waya.,Hausa,AI-generated synthetic data
608,Anyị na-arụ ọrụ n'chọọchị n'ehihie.,Igbo,AI-generated synthetic data
609,Ina asibitin da ya fi kusa yake?,Hausa,AI-generated synthetic data
610,Nwanyị ahụ nọ n'chọọchị ụnyaahụ.,Igbo,AI-generated synthetic data
611,Nwa ahụ wetara kọmputa n'abalị.,Igbo,AI-generated synthetic data
612,Aládùúgbò wa ní ẹ̀fọ́ ní òwúrọ̀.,Yoruba,AI-generated synthetic data
613,Ó ń ṣiṣẹ́ ní ọgbà ẹ̀kọ́ ní òru.,Yoruba,AI-generated synthetic data
614,Arákùnrin mi fẹ́ bàtà ọ̀la.,Yoruba,AI-generated synthetic data
615,Dọkịta ahụ na-eje ije n'ụlọ ahịa taa.,Igbo,AI-generated synthetic data
616,Nwanne nwoke m jiri ji n'ehihie.,Igbo,AI-generated synthetic data
617,Nwanne nwoke m mere ji echi.,Igbo,AI-generated synthetic data
618,My brother is checking the business plan.,English,AI-generated synthetic data
619,"A wurin aiki, ta dafa shinkafa domin iyalinmu.",Hausa,AI-generated synthetic data
620,Dalibin yana duba jerin kaya.,Hausa,AI-generated synthetic data
621,Nne na-arụ ọrụ n'ọdụ ụgbọala ụnyaahụ.,Igbo,AI-generated synthetic data
622,Ọmọ náà ń rìn ní ilé ìwòsàn ọ̀la.,Yoruba,AI-generated synthetic data
623,The developer is discussing the network connection.,English,AI-generated synthetic data
624,Mai shirye-shiryen yana tattauna samfurin koyon na'ura.,Hausa,AI-generated synthetic data
625,Manajan yana tattauna kayan aikin gona.,Hausa,AI-generated synthetic data
626,Dalibin yana duba kwamfutar.,Hausa,AI-generated synthetic data
627,Our team is planning the network connection.,English,AI-generated synthetic data
628,The manager is reviewing a new project.,English,AI-generated synthetic data
629,Nwa ahụ wetara ekwentị na ngwụcha izu.,Igbo,AI-generated synthetic data
630,My brother is reviewing the delivery schedule.,English,AI-generated synthetic data
631,"In the morning, the algorithm performed better after the data was cleaned.",English,AI-generated synthetic data
632,A teacher is organizing the patient record.,English,AI-generated synthetic data
633,Ha na-arụ ọrụ n'ụlọ ahịa taa.,Igbo,AI-generated synthetic data
634,The doctor is building the business plan.,English,AI-generated synthetic data
635,The driver is checking a research proposal.,English,AI-generated synthetic data
636,Nwoke ahụ nwere nri n'oge.,Igbo,AI-generated synthetic data
637,"During the meeting, the team finished the work on time.",English,AI-generated synthetic data
638,The developer is planning the report.,English,AI-generated synthetic data
639,Ẹyin lọ sí ọgbà ẹ̀kọ́ ní kutukutu.,Yoruba,AI-generated synthetic data
640,Akẹ́kọ̀ọ́ náà ní kámẹ́rà ọ̀la.,Yoruba,AI-generated synthetic data
641,"At home, where did you keep the document?",English,AI-generated synthetic data
642,Obìnrin náà lo ẹja ní òru.,Yoruba,AI-generated synthetic data
643,Awa lo bàtà ní ọ̀sán.,Yoruba,AI-generated synthetic data
644,My friend is studying the machine learning model.,English,AI-generated synthetic data
645,The engineer is studying the farm equipment.,English,AI-generated synthetic data
646,Our team is discussing the report.,English,AI-generated synthetic data
647,Ọrụ ahụ agwụla?,Igbo,AI-generated synthetic data
648,M mere nri n'abalị.,Igbo,AI-generated synthetic data
649,Ọ̀rẹ́ mi ń rìn ní ọgbà ẹ̀kọ́ ní ọ̀sẹ̀ yìí.,Yoruba,AI-generated synthetic data
650,Enyi m na-amụ ihe n'okporo ụzọ n'izu a.,Igbo,AI-generated synthetic data
651,"In the morning, the meeting has been moved to Friday.",English,AI-generated synthetic data
652,"A wurin aiki, dalibi ya aro littafi daga dakin karatu.",Hausa,AI-generated synthetic data
653,"Today, the researcher collected responses from several participants.",English,AI-generated synthetic data
654,Akẹ́kọ̀ọ́ náà lo àkàrà ní òru.,Yoruba,AI-generated synthetic data
655,Ị wetara azụ echi.,Igbo,AI-generated synthetic data
656,Ha bịara n'ụlọ ụnyaahụ.,Igbo,AI-generated synthetic data
657,Ọkùnrin náà ra ẹja lónìí.,Yoruba,AI-generated synthetic data
658,Nwanne nwanyị m na-eje ije n'ụlọ ọgwụ n'abalị.,Igbo,AI-generated synthetic data
659,Anyị mere igodo n'izu a.,Igbo,AI-generated synthetic data
660,Àwọn ará wa lọ sí ọjà àná.,Yoruba,AI-generated synthetic data
661,Dọkịta ahụ nwere akwụkwọ nri n'ụtụtụ.,Igbo,AI-generated synthetic data
662,Obìnrin náà lọ sí ilé ìwòsàn ní ọ̀sẹ̀ yìí.,Yoruba,AI-generated synthetic data
663,Ọkùnrin náà lo aṣọ ní òru.,Yoruba,AI-generated synthetic data
664,The doctor is organizing a new project.,English,AI-generated synthetic data
665,Ị na-arụ ọrụ n'ahịa na ngwụcha izu.,Igbo,AI-generated synthetic data
666,The farmer is planning the farm equipment.,English,AI-generated synthetic data
667,Nwanyị ahụ bịara n'ọdụ ụgbọala ụnyaahụ.,Igbo,AI-generated synthetic data
668,Nne na-amụ ihe n'ọbá akwụkwọ n'abalị.,Igbo,AI-generated synthetic data
669,Awa lo ẹ̀wà ní òwúrọ̀.,Yoruba,AI-generated synthetic data
670,Nwanne nwoke m na-amụ ihe n'ọfịs n'isi ụtụtụ.,Igbo,AI-generated synthetic data
671,The student is reviewing the inventory list.,English,AI-generated synthetic data
672,Nwa ahụ na-eje ije n'ọdụ ụgbọala na ngwụcha izu.,Igbo,AI-generated synthetic data
673,Ọ̀rẹ́ mi fẹ́ kámẹ́rà ní kutukutu.,Yoruba,AI-generated synthetic data
674,"At home, we should discuss the issue before tomorrow.",English,AI-generated synthetic data
675,Nwoke ahụ na-arụ ọrụ n'okporo ụzọ n'ụtụtụ.,Igbo,AI-generated synthetic data
676,Olùkọ́ náà ra bàtà ní òru.,Yoruba,AI-generated synthetic data
677,Onye agbata obi anyị hụrụ akwụkwọ nri n'ụtụtụ.,Igbo,AI-generated synthetic data
678,Ma'aikaciyar jinya yana tsara kwamfutar.,Hausa,AI-generated synthetic data
679,The manager is planning the delivery schedule.,English,AI-generated synthetic data
680,A researcher is preparing the farm equipment.,English,AI-generated synthetic data
681,Ka Chineke nyere anyị aka,Igbo,AI-generated synthetic data
682,Ọ dị mma,Igbo,AI-generated synthetic data
683,"Yayin taro, ta yaya za mu inganta tsarin?",Hausa,AI-generated synthetic data
684,M na-arụ ọrụ n'ọbá akwụkwọ n'isi ụtụtụ.,Igbo,AI-generated synthetic data
685,The engineer is learning the meeting notes.,English,AI-generated synthetic data
686,Unu wetara agwa n'ụtụtụ.,Igbo,AI-generated synthetic data
687,Dalibin yana duba shirin kasuwanci.,Hausa,AI-generated synthetic data
688,Ụmụaka ahụ mere azụ n'isi ụtụtụ.,Igbo,AI-generated synthetic data
689,The engineer is reviewing the inventory list.,English,AI-generated synthetic data
690,Zan ziyarci abokina gobe.,Hausa,AI-generated synthetic data
691,Injiniyan yana tsara jadawalin makaranta.,Hausa,AI-generated synthetic data
692,The student is studying the training materials.,English,AI-generated synthetic data
693,The farmer is preparing the patient record.,English,AI-generated synthetic data
694,Malamin yana gyara hanyar sadarwa.,Hausa,AI-generated synthetic data
695,Nwanne nwoke m mere anụ na ngwụcha izu.,Igbo,AI-generated synthetic data
696,The student is checking the delivery schedule.,English,AI-generated synthetic data
697,Onye agbata obi anyị chọrọ azụ n'izu a.,Igbo,AI-generated synthetic data
698,The driver is preparing the report.,English,AI-generated synthetic data
699,The driver is repairing the machine learning model.,English,AI-generated synthetic data
700,Àwọn ará wa wà ní ilé ọ̀rẹ́ mi ní alẹ́.,Yoruba,AI-generated synthetic data
701,The driver is discussing the meeting notes.,English,AI-generated synthetic data
702,Tawagar mu yana karatu hanyar sadarwa.,Hausa,AI-generated synthetic data
703,Ọmọ náà ní fóònù àná.,Yoruba,AI-generated synthetic data
704,Onye agbata obi anyị na-aga n'ọbá akwụkwọ n'abalị.,Igbo,AI-generated synthetic data
705,Mo ń ṣiṣẹ́ ní ilé ní ìparí ọ̀sẹ̀.,Yoruba,AI-generated synthetic data
706,Nne jiri kọmputa n'abalị.,Igbo,AI-generated synthetic data
707,Injiniyan yana bitar kwamfutar.,Hausa,AI-generated synthetic data
708,The developer is preparing the network connection.,English,AI-generated synthetic data
709,"During the meeting, the passengers waited patiently at the terminal.",English,AI-generated synthetic data
710,Arákùnrin mi mú fóònù ọ̀la.,Yoruba,AI-generated synthetic data
711,M hụrụ osikapa n'abalị.,Igbo,AI-generated synthetic data
712,Al'ummar yana tsara samfurin koyon na'ura.,Hausa,AI-generated synthetic data
713,"At work, they are waiting for the bus.",English,AI-generated synthetic data
714,The developer is reviewing the school timetable.,English,AI-generated synthetic data
715,Ọmọ náà lo fóònù ní ọ̀sẹ̀ yìí.,Yoruba,AI-generated synthetic data
716,Anyị bịara n'ụlọ ọgwụ echi.,Igbo,AI-generated synthetic data
717,"In the afternoon, the teacher explained the lesson with a practical example.",English,AI-generated synthetic data
718,Ọ jiri unere na ngwụcha izu.,Igbo,AI-generated synthetic data
719,Ó lọ sí pápá ní òru.,Yoruba,AI-generated synthetic data
720,Mai shirye-shiryen yana shirya jerin kaya.,Hausa,AI-generated synthetic data
721,"Da rana, bayanan horo ya kamata su kunshi dukkan harsuna hudu.",Hausa,AI-generated synthetic data
722,Awa ń rìn ní àgbègbè wa ọ̀la.,Yoruba,AI-generated synthetic data
723,Onye agbata obi anyị na-arụ ọrụ n'ọdụ ụgbọala n'oge.,Igbo,AI-generated synthetic data
724,"At work, please check the details before submitting the form.",English,AI-generated synthetic data
725,My friend is repairing the report.,English,AI-generated synthetic data
726,The nurse is checking the meeting notes.,English,AI-generated synthetic data
727,Awa ṣe bàtà ọ̀la.,Yoruba,AI-generated synthetic data
728,Anyị jiri unere taa.,Igbo,AI-generated synthetic data
729,"A gida, muna bukatar karin bayani kafin mu yanke hukunci.",Hausa,AI-generated synthetic data
730,O rí kọ́kọ́rọ́ lónìí.,Yoruba,AI-generated synthetic data
731,"Da rana, malami ya bayyana darasin da misali na aikace-aikace.",Hausa,AI-generated synthetic data
732,The nurse is checking the delivery schedule.,English,AI-generated synthetic data
733,Dọkịta ahụ nọ n'okporo ụzọ n'isi ụtụtụ.,Igbo,AI-generated synthetic data
734,"At home, the manager asked everyone to attend the briefing.",English,AI-generated synthetic data
735,"In the afternoon, please remember to charge your phone.",English,AI-generated synthetic data
736,Wọ́n wà ní ilé ní òwúrọ̀.,Yoruba,AI-generated synthetic data
737,Wọ́n dé sí ọ́fíìsì lónìí.,Yoruba,AI-generated synthetic data
738,Anyị na-amụ ihe n'ọgbọ egwuregwu n'isi ụtụtụ.,Igbo,AI-generated synthetic data
739,Mai binciken yana bitar manhajar waya.,Hausa,AI-generated synthetic data
740,Injiniyan yana gyara bayanan mara lafiya.,Hausa,AI-generated synthetic data
741,The doctor is reviewing the meeting notes.,English,AI-generated synthetic data
742,"Tomorrow, the business owner opened the shop early.",English,AI-generated synthetic data
743,The developer is organizing the delivery schedule.,English,AI-generated synthetic data
744,Injiniyan yana koyon shirin kasuwanci.,Hausa,AI-generated synthetic data
745,Obìnrin náà ń ṣiṣẹ́ ní ilé ìwòsàn ní òwúrọ̀.,Yoruba,AI-generated synthetic data
746,Aládùúgbò wa ń rìn ní ilé ní ọ̀sẹ̀ yìí.,Yoruba,AI-generated synthetic data
747,Ọmọ náà ń ṣiṣẹ́ ní ilé ìwòsàn ní òru.,Yoruba,AI-generated synthetic data
748,Nwa ahụ bịara n'ọfịs n'abalị.,Igbo,AI-generated synthetic data
749,Mama ní kọ̀ǹpútà ní ìparí ọ̀sẹ̀.,Yoruba,AI-generated synthetic data
750,Arákùnrin mi mú omi ní ọ̀sán.,Yoruba,AI-generated synthetic data
751,The manager is studying the school timetable.,English,AI-generated synthetic data
752,Baba ní oúnjẹ àná.,Yoruba,AI-generated synthetic data
753,"In the morning, the network administrator checked the router.",English,AI-generated synthetic data
754,Àwọn ọmọ ní àpò ní ọ̀sẹ̀ yìí.,Yoruba,AI-generated synthetic data
755,Malamin yana gyara takardar bincike.,Hausa,AI-generated synthetic data
756,Ha na-aga n'ahịa n'oge.,Igbo,AI-generated synthetic data
757,Sabon shirin zai fara wata mai zuwa.,Hausa,AI-generated synthetic data
758,Malamin yana bitar takardar bincike.,Hausa,AI-generated synthetic data
759,"In the afternoon, i will call you when I arrive.",English,AI-generated synthetic data
760,Mai shirye-shiryen yana tsara kwamfutar.,Hausa,AI-generated synthetic data
761,Dọkịta ahụ wetara ji n'isi ụtụtụ.,Igbo,AI-generated synthetic data
762,"Yayin taro, ya kira mahaifiyarsa bayan aiki.",Hausa,AI-generated synthetic data
763,The driver is repairing a mobile application.,English,AI-generated synthetic data
764,Nwanne nwoke m hụrụ akpụkpọ ụkwụ echi.,Igbo,AI-generated synthetic data
765,The farmer is repairing the delivery schedule.,English,AI-generated synthetic data
766,A teacher is studying a mobile application.,English,AI-generated synthetic data
767,Ebee ka ị na-aga?,Igbo,AI-generated synthetic data
768,Arákùnrin mi ṣe fóònù lónìí.,Yoruba,AI-generated synthetic data
769,Ọmọ náà ń rìn ní ọjà ní ìparí ọ̀sẹ̀.,Yoruba,AI-generated synthetic data
770,"In the afternoon, when will the meeting begin?",English,AI-generated synthetic data
771,"Yayin taro, mai bincike ya tattara amsoshi daga mahalarta da dama.",Hausa,AI-generated synthetic data
772,Manajan yana gina jerin kaya.,Hausa,AI-generated synthetic data
773,Ó ní ẹ̀wà ní ọ̀sán.,Yoruba,AI-generated synthetic data
774,The engineer is checking the delivery schedule.,English,AI-generated synthetic data
775,Nwanne m na-aga n'ụlọ n'ehihie.,Igbo,AI-generated synthetic data
776,Manomin yana shirya shirin kasuwanci.,Hausa,AI-generated synthetic data
777,Aládùúgbò wa ń ṣiṣẹ́ ní ọ́fíìsì ní kutukutu.,Yoruba,AI-generated synthetic data
778,"A wurin aiki, na yi farin cikin jin cewa komai ya tafi lafiya.",Hausa,AI-generated synthetic data
779,Nwanne nwanyị m bịara n'okporo ụzọ n'abalị.,Igbo,AI-generated synthetic data
780,Awa rí ẹ̀wà ní ọ̀sán.,Yoruba,AI-generated synthetic data
781,M zụtara ji n'ehihie.,Igbo,AI-generated synthetic data
782,Ẹyin lo ẹ̀wà ní ọ̀sán.,Yoruba,AI-generated synthetic data
783,Nwanne nwoke m nwere ji n'isi ụtụtụ.,Igbo,AI-generated synthetic data
784,Adịla njikere,Igbo,AI-generated synthetic data
785,Olùkọ́ náà ń ṣiṣẹ́ ní ilé ẹ̀kọ́ ní òru.,Yoruba,AI-generated synthetic data
786,The manager is organizing the patient record.,English,AI-generated synthetic data
787,Ha nwere ekwentị n'isi ụtụtụ.,Igbo,AI-generated synthetic data
788,Mama ní oúnjẹ ní òwúrọ̀.,Yoruba,AI-generated synthetic data
789,Dalibin yana tsara takardar bincike.,Hausa,AI-generated synthetic data
790,The farmer is building the delivery schedule.,English,AI-generated synthetic data
791,Dalibin yana shirya jadawalin isar da kaya.,Hausa,AI-generated synthetic data
792,A researcher is studying a research proposal.,English,AI-generated synthetic data
793,Injiniyan yana gyara manhajar waya.,Hausa,AI-generated synthetic data
794,Aládùúgbò wa wà ní ọjà ní alẹ́.,Yoruba,AI-generated synthetic data
795,"A wurin aiki, barka da safiya, ina fatan kana cikin koshin lafiya.",Hausa,AI-generated synthetic data
796,Dan uwana yana duba shirin kasuwanci.,Hausa,AI-generated synthetic data
797,"Tomorrow, we cleaned the dataset before training the classifier.",English,AI-generated synthetic data
798,Nwa ahụ chọrọ anụ n'izu a.,Igbo,AI-generated synthetic data
799,"Bayan cin abinci, uwar garken tana bukatar kulawa da sa ido akai-akai.",Hausa,AI-generated synthetic data
800,Akẹ́kọ̀ọ́ náà rí bàtà ní òwúrọ̀.,Yoruba,AI-generated synthetic data
801,Dọkịta ahụ na-arụ ọrụ n'ụlọ ọgwụ n'isi ụtụtụ.,Igbo,AI-generated synthetic data
802,The engineer is studying the business plan.,English,AI-generated synthetic data
803,Ha jiri unere n'ụtụtụ.,Igbo,AI-generated synthetic data
804,Injiniyan yana bitar kayan horo.,Hausa,AI-generated synthetic data
805,Manajan yana karatu kayan horo.,Hausa,AI-generated synthetic data
806,Ọ na-aga n'chọọchị na ngwụcha izu.,Igbo,AI-generated synthetic data
807,Nwa ahụ na-eje ije n'ahịa ụnyaahụ.,Igbo,AI-generated synthetic data
808,The farmer is reviewing a new project.,English,AI-generated synthetic data
809,O lọ sí òpópónà ní ọ̀sán.,Yoruba,AI-generated synthetic data
810,"Gobe, sabon shirin zai fara wata mai zuwa.",Hausa,AI-generated synthetic data
811,Our community is discussing the delivery schedule.,English,AI-generated synthetic data
812,"A wurin aiki, me ya jawo jinkirin?",Hausa,AI-generated synthetic data
813,"Gobe, za mu iya duba rahoton yau?",Hausa,AI-generated synthetic data
814,Manajan yana koyon kayan horo.,Hausa,AI-generated synthetic data
815,Our team is studying the report.,English,AI-generated synthetic data
816,"At work, why is the internet connection slow?",English,AI-generated synthetic data
817,Direban yana karatu manhajar waya.,Hausa,AI-generated synthetic data
818,"Yau, don Allah ka tuna ka cajin wayarka.",Hausa,AI-generated synthetic data
819,"In the evening, i have not received the message yet.",English,AI-generated synthetic data
820,Ọkùnrin náà ní tábìlì lónìí.,Yoruba,AI-generated synthetic data
821,Ma'aikaciyar jinya yana gyara kwamfutar.,Hausa,AI-generated synthetic data
822,Al'ummar yana shirya sabon aiki.,Hausa,AI-generated synthetic data
823,Nwanne nwoke m chọrọ akpụkpọ ụkwụ n'ehihie.,Igbo,AI-generated synthetic data
824,Enyi m hụrụ ekwentị ụnyaahụ.,Igbo,AI-generated synthetic data
825,Nwoke ahụ na-amụ ihe n'ụlọ ahịa n'oge.,Igbo,AI-generated synthetic data
826,O rí àgbàdo ní alẹ́.,Yoruba,AI-generated synthetic data
827,Tawagar mu yana gina sabon aiki.,Hausa,AI-generated synthetic data
828,Nwanyị ahụ zụtara unere na ngwụcha izu.,Igbo,AI-generated synthetic data
829,Tawagar mu yana tsara rahoton.,Hausa,AI-generated synthetic data
830,Arákùnrin mi dé sí mọ́sáláṣí ní kutukutu.,Yoruba,AI-generated synthetic data
831,Arákùnrin mi ń ṣiṣẹ́ ní ọjà lónìí.,Yoruba,AI-generated synthetic data
832,Olùkọ́ náà lọ sí ilé ní òwúrọ̀.,Yoruba,AI-generated synthetic data
833,Nna na-arụ ọrụ n'okporo ụzọ na ngwụcha izu.,Igbo,AI-generated synthetic data
834,Nwa akwụkwọ ahụ wetara igwefoto n'izu a.,Igbo,AI-generated synthetic data
835,The student is learning the machine learning model.,English,AI-generated synthetic data
836,My brother is studying the network connection.,English,AI-generated synthetic data
837,Nwa akwụkwọ ahụ nọ n'ọgbọ egwuregwu n'ụtụtụ.,Igbo,AI-generated synthetic data
838,"At work, the farmer planted maize before the rainy season began.",English,AI-generated synthetic data
839,The engineer is building the machine learning model.,English,AI-generated synthetic data
840,Awa ń rìn ní mọ́sáláṣí ní òru.,Yoruba,AI-generated synthetic data
841,Our team is reviewing the network connection.,English,AI-generated synthetic data
842,Baba ní fóònù ní ọ̀sẹ̀ yìí.,Yoruba,AI-generated synthetic data
843,Dalibin yana tsara jadawalin isar da kaya.,Hausa,AI-generated synthetic data
844,Àwọn ọmọ rí kọ́kọ́rọ́ ní alẹ́.,Yoruba,AI-generated synthetic data
845,Aládùúgbò wa fẹ́ ẹja ní kutukutu.,Yoruba,AI-generated synthetic data
846,"Yau, mai bincike ya tattara amsoshi daga mahalarta da dama.",Hausa,AI-generated synthetic data
847,"Da yamma, ma'aikata sun kammala girka kayan kafin faduwar rana.",Hausa,AI-generated synthetic data
848,Nne wetara oche echi.,Igbo,AI-generated synthetic data
849,Nwanyị ahụ na-arụ ọrụ n'ahịa ụnyaahụ.,Igbo,AI-generated synthetic data
850,Àwọn ará wa mú oúnjẹ ní alẹ́.,Yoruba,AI-generated synthetic data
851,Malamin yana duba takardar bincike.,Hausa,AI-generated synthetic data
852,Ọ na-amụ ihe n'ụlọ ọgwụ n'oge.,Igbo,AI-generated synthetic data
853,Abokina yana duba jerin kaya.,Hausa,AI-generated synthetic data
854,Dalibin yana duba kayan aikin gona.,Hausa,AI-generated synthetic data
855,Al'ummar yana gyara jadawalin isar da kaya.,Hausa,AI-generated synthetic data
856,Ụmụaka ahụ bịara n'ụlọ n'ehihie.,Igbo,AI-generated synthetic data
857,Awa ń kọ́ ẹ̀kọ́ ní ilé ìwé ní òwúrọ̀.,Yoruba,AI-generated synthetic data
858,Nwanne nwoke m jiri anụ echi.,Igbo,AI-generated synthetic data
859,Nna na-eje ije n'ogige ụnyaahụ.,Igbo,AI-generated synthetic data
860,My brother is discussing the business plan.,English,AI-generated synthetic data
861,Onye nkụzi ahụ na-amụ ihe n'ahịa n'ehihie.,Igbo,AI-generated synthetic data
862,"Yau, na gode sosai da taimakonka kan aikin.",Hausa,AI-generated synthetic data
863,The engineer is organizing the network connection.,English,AI-generated synthetic data
864,Mama ṣe ẹ̀wà ní òru.,Yoruba,AI-generated synthetic data
865,Manajan yana gyara kayan horo.,Hausa,AI-generated synthetic data
866,Nwanyị ahụ na-aga n'ụlọ akwụkwọ echi.,Igbo,AI-generated synthetic data
867,Ma'aikaciyar jinya yana karatu samfurin koyon na'ura.,Hausa,AI-generated synthetic data
868,"Bayan cin abinci, dan kasuwa ya rubuta kowace ciniki a cikin littafi.",Hausa,AI-generated synthetic data
869,Al'ummar yana duba takardar bincike.,Hausa,AI-generated synthetic data
870,Akẹ́kọ̀ọ́ náà fẹ́ bàtà ní òru.,Yoruba,AI-generated synthetic data
871,Ha chọrọ ekwentị n'izu a.,Igbo,AI-generated synthetic data
872,Baba rí kọ̀ǹpútà ní alẹ́.,Yoruba,AI-generated synthetic data
873,Nwanne nwanyị m na-arụ ọrụ n'ụlọ taa.,Igbo,AI-generated synthetic data
874,Baba lo ẹ̀wà ní ìparí ọ̀sẹ̀.,Yoruba,AI-generated synthetic data
875,"After lunch, what caused the delay?",English,AI-generated synthetic data
876,Unu wetara ọka n'isi ụtụtụ.,Igbo,AI-generated synthetic data
877,"Today, the doctor advised the patient to drink more water.",English,AI-generated synthetic data
878,Ó mú àgbàdo ní ọ̀sán.,Yoruba,AI-generated synthetic data
879,Our community is preparing the inventory list.,English,AI-generated synthetic data
880,Baba dé sí ilé ìtajà ní òru.,Yoruba,AI-generated synthetic data
881,Dalibin yana tattauna rahoton.,Hausa,AI-generated synthetic data
882,Unu bịara n'ọdụ ụgbọala taa.,Igbo,AI-generated synthetic data
883,Onye nkụzi ahụ nwere akwụkwọ nri taa.,Igbo,AI-generated synthetic data
884,Our team is organizing the meeting notes.,English,AI-generated synthetic data
885,Unu chọrọ agwa n'izu a.,Igbo,AI-generated synthetic data
886,Al'ummar yana tattauna rahoton.,Hausa,AI-generated synthetic data
887,Akẹ́kọ̀ọ́ náà ní bàtà ní ọ̀sán.,Yoruba,AI-generated synthetic data
888,"Tomorrow, i have not received the message yet.",English,AI-generated synthetic data
889,Awa ṣe kọ́kọ́rọ́ ní ọ̀sẹ̀ yìí.,Yoruba,AI-generated synthetic data
890,Má bínú,Yoruba,AI-generated synthetic data
891,Mo fẹ́ràn rẹ,Yoruba,AI-generated synthetic data
892,Aládùúgbò wa ń kọ́ ẹ̀kọ́ ní ọjà ní òwúrọ̀.,Yoruba,AI-generated synthetic data
893,Likitan yana karatu shirin kasuwanci.,Hausa,AI-generated synthetic data
894,Abokina yana bitar shirin kasuwanci.,Hausa,AI-generated synthetic data
895,How much does this service cost?,English,AI-generated synthetic data
896,Nwanne nwanyị m bịara n'ahịa n'ehihie.,Igbo,AI-generated synthetic data
897,Tawagar mu yana tattauna jerin kaya.,Hausa,AI-generated synthetic data
898,Nwoke ahụ wetara nri ụnyaahụ.,Igbo,AI-generated synthetic data
899,My friend is checking a new project.,English,AI-generated synthetic data
900,"Da rana, iyali sun shirya abinci domin baki.",Hausa,AI-generated synthetic data
901,"A wurin aiki, rahoton ya kunshi sakamakon gwajin.",Hausa,AI-generated synthetic data
902,Dókítà náà rí kámẹ́rà àná.,Yoruba,AI-generated synthetic data
903,Unu jiri agwa n'ehihie.,Igbo,AI-generated synthetic data
904,The report contains the results of the experiment.,English,AI-generated synthetic data
905,"Da safe, rumbun bayanai yana dauke da bayanai daga wurare da dama.",Hausa,AI-generated synthetic data
906,Ọ nwere ọka na ngwụcha izu.,Igbo,AI-generated synthetic data
907,"A wurin aiki, yanayin yau yana da dadi.",Hausa,AI-generated synthetic data
908,A researcher is studying the meeting notes.,English,AI-generated synthetic data
909,Manajan yana duba kayan aikin gona.,Hausa,AI-generated synthetic data
910,Mai binciken yana bitar jadawalin makaranta.,Hausa,AI-generated synthetic data
911,Al'ummar yana gyara takardar bincike.,Hausa,AI-generated synthetic data
912,"A gida, abincin gidan cin abincin ya yi dadi sosai.",Hausa,AI-generated synthetic data
913,Arákùnrin mi ṣe kọ̀ǹpútà ní kutukutu.,Yoruba,AI-generated synthetic data
914,"During the meeting, the team used Python to analyze the data.",English,AI-generated synthetic data
915,Likitan yana tattauna takardar bincike.,Hausa,AI-generated synthetic data
916,"Yesterday, the programmer fixed the error in the Python script.",English,AI-generated synthetic data
917,Baba ṣe ẹ̀fọ́ àná.,Yoruba,AI-generated synthetic data
918,The developer is discussing a new project.,English,AI-generated synthetic data
919,Arábìnrin mi ra kámẹ́rà ọ̀la.,Yoruba,AI-generated synthetic data
920,Dan uwana yana tsara bayanan mara lafiya.,Hausa,AI-generated synthetic data
921,"Bayan cin abinci, don Allah ka sanar da ni idan ka shirya.",Hausa,AI-generated synthetic data
922,Ọkùnrin náà ra kọ́kọ́rọ́ ní òru.,Yoruba,AI-generated synthetic data
923,Ma'aikaciyar jinya yana tattauna hanyar sadarwa.,Hausa,AI-generated synthetic data
924,Àwọn ọmọ rí ẹja ní ọ̀sẹ̀ yìí.,Yoruba,AI-generated synthetic data
925,Akẹ́kọ̀ọ́ náà lọ sí ilé ẹ̀kọ́ ní kutukutu.,Yoruba,AI-generated synthetic data
926,The engineer is reviewing the farm equipment.,English,AI-generated synthetic data
927,The student is checking the training materials.,English,AI-generated synthetic data
928,Mai shirye-shiryen yana shirya samfurin koyon na'ura.,Hausa,AI-generated synthetic data
929,The developer is preparing a mobile application.,English,AI-generated synthetic data
930,"In the evening, the model classifies short text into different languages.",English,AI-generated synthetic data
931,Mai binciken yana gina manhajar waya.,Hausa,AI-generated synthetic data
932,O ń kọ́ ẹ̀kọ́ ní ilé ní ìparí ọ̀sẹ̀.,Yoruba,AI-generated synthetic data
933,Arákùnrin mi ṣe tábìlì ní ọ̀sán.,Yoruba,AI-generated synthetic data
934,Nwa ahụ hụrụ anụ n'oge.,Igbo,AI-generated synthetic data
935,Nwa akwụkwọ ahụ na-arụ ọrụ n'ọfịs n'ụtụtụ.,Igbo,AI-generated synthetic data
936,Nwoke ahụ na-amụ ihe n'ụlọ enyi m n'ụtụtụ.,Igbo,AI-generated synthetic data
937,Ha bịara n'ụlọ ahịa n'abalị.,Igbo,AI-generated synthetic data
938,Malamin yana tsara hanyar sadarwa.,Hausa,AI-generated synthetic data
939,Injiniyan yana gyara takardar bincike.,Hausa,AI-generated synthetic data
940,Olùkọ́ náà lo ẹran ọ̀la.,Yoruba,AI-generated synthetic data
941,Ọkùnrin náà ń rìn ní ilé ẹ̀kọ́ ní òwúrọ̀.,Yoruba,AI-generated synthetic data
942,"A wurin aiki, na gode sosai da taimakonka kan aikin.",Hausa,AI-generated synthetic data
943,Mai binciken yana tattauna manhajar waya.,Hausa,AI-generated synthetic data
944,Dalibin yana bitar bayanan taro.,Hausa,AI-generated synthetic data
945,Tawagar mu yana tsara jadawalin isar da kaya.,Hausa,AI-generated synthetic data
946,"Yayin taro, dalibi ya aro littafi daga dakin karatu.",Hausa,AI-generated synthetic data
947,The developer is preparing the machine learning model.,English,AI-generated synthetic data
948,"At work, who is responsible for the equipment?",English,AI-generated synthetic data
949,Nna nọ n'ụlọ akwụkwọ n'abalị.,Igbo,AI-generated synthetic data
950,Our team is preparing a mobile application.,English,AI-generated synthetic data
951,Ma'aikaciyar jinya yana tsara jerin kaya.,Hausa,AI-generated synthetic data
952,Ọkùnrin náà dé sí àgbègbè wa ní ìparí ọ̀sẹ̀.,Yoruba,AI-generated synthetic data
953,Injiniyan yana koyon jerin kaya.,Hausa,AI-generated synthetic data
954,Nwanne m na-arụ ọrụ n'ụlọ akwụkwọ ụnyaahụ.,Igbo,AI-generated synthetic data
955,Ụmụaka ahụ hụrụ azụ echi.,Igbo,AI-generated synthetic data
956,Nwoke ahụ mere akwụkwọ na ngwụcha izu.,Igbo,AI-generated synthetic data
957,Àwọn ará wa ṣe ẹja ní kutukutu.,Yoruba,AI-generated synthetic data
958,Ma'aikaciyar jinya yana bitar jadawalin makaranta.,Hausa,AI-generated synthetic data
959,Nwanne nwanyị m na-eje ije n'ọdụ ụgbọala n'ehihie.,Igbo,AI-generated synthetic data
960,"Today, have you completed the assignment?",English,AI-generated synthetic data
961,Likitan yana gina manhajar waya.,Hausa,AI-generated synthetic data
962,Nwanyị ahụ bịara n'ụlọ enyi m n'izu a.,Igbo,AI-generated synthetic data
963,Àwọn ará wa ń rìn ní ọjà ọ̀la.,Yoruba,AI-generated synthetic data
964,Ha na-eje ije n'ahịa taa.,Igbo,AI-generated synthetic data
965,Ị na-amụ ihe n'chọọchị na ngwụcha izu.,Igbo,AI-generated synthetic data
966,Arákùnrin mi ra bàtà àná.,Yoruba,AI-generated synthetic data
967,"A gida, makaniki ya sauya bangaren da ya lalace.",Hausa,AI-generated synthetic data
968,My brother is preparing the meeting notes.,English,AI-generated synthetic data
969,A teacher is checking the farm equipment.,English,AI-generated synthetic data
970,Nwanne nwoke m hụrụ ji n'oge.,Igbo,AI-generated synthetic data
971,Enyi m nọ n'ogige na ngwụcha izu.,Igbo,AI-generated synthetic data
972,My friend is planning the report.,English,AI-generated synthetic data
973,"Da yamma, ya kira mahaifiyarsa bayan aiki.",Hausa,AI-generated synthetic data
974,My friend is learning the network connection.,English,AI-generated synthetic data
975,Dókítà náà wà ní ọ́fíìsì ní òwúrọ̀.,Yoruba,AI-generated synthetic data
976,Ẹyin dé sí ọjà ní òru.,Yoruba,AI-generated synthetic data
977,Unu chọrọ ekwentị n'isi ụtụtụ.,Igbo,AI-generated synthetic data
978,Mai binciken yana tattauna jadawalin makaranta.,Hausa,AI-generated synthetic data
979,The farmer is repairing the training materials.,English,AI-generated synthetic data
980,Ọ̀rẹ́ mi ra ìrẹsì ní alẹ́.,Yoruba,AI-generated synthetic data
981,A teacher is studying the inventory list.,English,AI-generated synthetic data
982,Ọ zụtara oche taa.,Igbo,AI-generated synthetic data
983,Our community is learning the patient record.,English,AI-generated synthetic data
984,Ha jiri agwa n'oge.,Igbo,AI-generated synthetic data
985,"A gida, ya kira mahaifiyarsa bayan aiki.",Hausa,AI-generated synthetic data
986,M nwere unere na ngwụcha izu.,Igbo,AI-generated synthetic data
987,Ha chọrọ kọmputa n'oge.,Igbo,AI-generated synthetic data
988,Kí ni o fẹ́ mu?,Yoruba,AI-generated synthetic data
989,Akẹ́kọ̀ọ́ náà mú kámẹ́rà ní kutukutu.,Yoruba,AI-generated synthetic data
990,Nwanyị ahụ na-amụ ihe n'ụlọ na ngwụcha izu.,Igbo,AI-generated synthetic data
991,Arákùnrin mi ń rìn ní òpópónà lónìí.,Yoruba,AI-generated synthetic data
992,Mama fẹ́ oúnjẹ ní alẹ́.,Yoruba,AI-generated synthetic data
993,Aládùúgbò wa rí ìwé ní ọ̀sẹ̀ yìí.,Yoruba,AI-generated synthetic data
994,Direban yana gina takardar bincike.,Hausa,AI-generated synthetic data
995,Onye agbata obi anyị bịara n'ụlọ na ngwụcha izu.,Igbo,AI-generated synthetic data
996,Ọmọ náà ní ẹran ní ìparí ọ̀sẹ̀.,Yoruba,AI-generated synthetic data
997,Mai binciken yana duba kwamfutar.,Hausa,AI-generated synthetic data
998,Mai binciken yana bitar kwamfutar.,Hausa,AI-generated synthetic data
999,The engineer is building the training materials.,English,AI-generated synthetic data
1000,Ụmụaka ahụ chọrọ unere na ngwụcha izu.,Igbo,AI-generated synthetic data
1001,Ọ nọ n'ụlọ ọgwụ n'oge.,Igbo,AI-generated synthetic data
1002,"During the meeting, the programmer fixed the error in the Python script.",English,AI-generated synthetic data
1003,The driver is building the business plan.,English,AI-generated synthetic data
1004,My friend is discussing a mobile application.,English,AI-generated synthetic data
1005,Al'ummar yana tattauna kayan horo.,Hausa,AI-generated synthetic data
1006,Our team is building the business plan.,English,AI-generated synthetic data
1007,My brother is preparing a mobile application.,English,AI-generated synthetic data
1008,"Gobe, karfe nawa motar bas za ta tashi?",Hausa,AI-generated synthetic data
1009,M nọ n'ụlọ akwụkwọ n'isi ụtụtụ.,Igbo,AI-generated synthetic data
1010,Nna nwere kọmputa n'oge.,Igbo,AI-generated synthetic data
1011,M na-amụ ihe n'ụlọ ahịa ụnyaahụ.,Igbo,AI-generated synthetic data
1012,Nwanne m na-aga n'chọọchị na ngwụcha izu.,Igbo,AI-generated synthetic data
1013,The driver is learning the farm equipment.,English,AI-generated synthetic data
1014,Onye agbata obi anyị na-eje ije n'ọbá akwụkwọ n'abalị.,Igbo,AI-generated synthetic data
1015,The manager is planning the farm equipment.,English,AI-generated synthetic data
1016,"Da rana, mun gwada API kafin mu hada shi da manhajar.",Hausa,AI-generated synthetic data
1017,Tawagar mu yana karatu kayan horo.,Hausa,AI-generated synthetic data
1018,Ụmụaka ahụ nọ n'ụlọ ekpere n'isi ụtụtụ.,Igbo,AI-generated synthetic data
1019,Ina ka ajiye takardar?,Hausa,AI-generated synthetic data
1020,The engineer is learning a new project.,English,AI-generated synthetic data
1021,Mo ní kọ́kọ́rọ́ lónìí.,Yoruba,AI-generated synthetic data
1022,Nwa akwụkwọ ahụ wetara ji n'oge.,Igbo,AI-generated synthetic data
1023,Onye agbata obi anyị wetara akwụkwọ nri taa.,Igbo,AI-generated synthetic data
1024,Mai shirye-shiryen yana gyara hanyar sadarwa.,Hausa,AI-generated synthetic data
1025,Mai shirye-shiryen yana karatu rahoton.,Hausa,AI-generated synthetic data
1026,Obìnrin náà ra omi ní òwúrọ̀.,Yoruba,AI-generated synthetic data
1027,Ó ń rìn ní pápá ní ọ̀sán.,Yoruba,AI-generated synthetic data
1028,Ụmụaka ahụ wetara tebụl echi.,Igbo,AI-generated synthetic data
1029,"A wurin aiki, yar uwata ta sayi sabbin takalma.",Hausa,AI-generated synthetic data
1030,The driver is building the school timetable.,English,AI-generated synthetic data
1031,O dé sí ọ́fíìsì ní kutukutu.,Yoruba,AI-generated synthetic data
1032,Our team is preparing the computer.,English,AI-generated synthetic data
1033,Nwanne m na-eje ije n'ụlọ n'ehihie.,Igbo,AI-generated synthetic data
1034,"During the meeting, he called his mother after work.",English,AI-generated synthetic data
1035,Wọ́n ń kọ́ ẹ̀kọ́ ní òpópónà ní òru.,Yoruba,AI-generated synthetic data
1036,M na-aga n'ụlọ enyi m n'abalị.,Igbo,AI-generated synthetic data
1037,Nwa ahụ wetara agwa n'izu a.,Igbo,AI-generated synthetic data
1038,Ma'aikaciyar jinya yana duba hanyar sadarwa.,Hausa,AI-generated synthetic data
1039,"Jiya, karfe nawa motar bas za ta tashi?",Hausa,AI-generated synthetic data
1040,My brother is repairing a mobile application.,English,AI-generated synthetic data
1041,Ma'aikaciyar jinya yana tattauna manhajar waya.,Hausa,AI-generated synthetic data
1042,The driver is learning the machine learning model.,English,AI-generated synthetic data
1043,Anyị nọ n'ụlọ enyi m echi.,Igbo,AI-generated synthetic data
1044,Onye agbata obi anyị na-amụ ihe n'ụlọ ekpere n'abalị.,Igbo,AI-generated synthetic data
1045,"In the evening, the farmer planted maize before the rainy season began.",English,AI-generated synthetic data
1046,Mo ra àgbàdo ní ìparí ọ̀sẹ̀.,Yoruba,AI-generated synthetic data
1047,"Da safe, zan kira ka idan na isa.",Hausa,AI-generated synthetic data
1048,"Today, we should leave early to avoid traffic.",English,AI-generated synthetic data
1049,Aládùúgbò wa ń kọ́ ẹ̀kọ́ ní ilé ìtajà ní kutukutu.,Yoruba,AI-generated synthetic data
1050,Ụmụaka ahụ na-arụ ọrụ n'ogige n'ehihie.,Igbo,AI-generated synthetic data
1051,"Da rana, ma'aikaciyar jinya ta duba zafin jikin mara lafiya.",Hausa,AI-generated synthetic data
1052,The doctor is planning the computer.,English,AI-generated synthetic data
1053,My brother is planning the training materials.,English,AI-generated synthetic data
1054,Al'ummar yana duba manhajar waya.,Hausa,AI-generated synthetic data
1055,Onye nkụzi ahụ na-arụ ọrụ n'ọdụ ụgbọala taa.,Igbo,AI-generated synthetic data
1056,Mama ń ṣiṣẹ́ ní ọgbà ẹ̀kọ́ ní ọ̀sẹ̀ yìí.,Yoruba,AI-generated synthetic data
1057,Nwanne nwoke m zụtara akpụkpọ ụkwụ n'oge.,Igbo,AI-generated synthetic data
1058,"Da safe, dan kasuwa ya rubuta kowace ciniki a cikin littafi.",Hausa,AI-generated synthetic data
1059,Mama ń ṣiṣẹ́ ní ilé ẹ̀kọ́ àná.,Yoruba,AI-generated synthetic data
1060,The passengers waited patiently at the terminal.,English,AI-generated synthetic data
1061,Ó lọ sí ilé ìtajà ní ìparí ọ̀sẹ̀.,Yoruba,AI-generated synthetic data
1062,Ị hụrụ ọka n'abalị.,Igbo,AI-generated synthetic data
1063,Àwọn ọmọ ra omi ní alẹ́.,Yoruba,AI-generated synthetic data
1064,Mun gwada API kafin mu hada shi da manhajar.,Hausa,AI-generated synthetic data
1065,Nwa akwụkwọ ahụ jiri akwụkwọ n'oge.,Igbo,AI-generated synthetic data
1066,Nwanne nwanyị m chọrọ ji n'isi ụtụtụ.,Igbo,AI-generated synthetic data
1067,"Da yamma, manajan ya bukaci kowa ya halarci taron bayani.",Hausa,AI-generated synthetic data
1068,Ọkùnrin náà ní ẹja ní ìparí ọ̀sẹ̀.,Yoruba,AI-generated synthetic data
1069,"A gida, me ya sa intanet din yake tafiya a hankali?",Hausa,AI-generated synthetic data
1070,"In the afternoon, the electricity went off during the evening.",English,AI-generated synthetic data
1071,"After lunch, i will call you when I arrive.",English,AI-generated synthetic data
1072,Akẹ́kọ̀ọ́ náà ṣe ẹran lónìí.,Yoruba,AI-generated synthetic data
1073,Manajan yana tsara shirin kasuwanci.,Hausa,AI-generated synthetic data
1074,Aládùúgbò wa ń ṣiṣẹ́ ní òpópónà ní ọ̀sẹ̀ yìí.,Yoruba,AI-generated synthetic data
1075,Mo rí àpò ọ̀la.,Yoruba,AI-generated synthetic data
1076,Ọkùnrin náà lọ sí ọgbà ní ìparí ọ̀sẹ̀.,Yoruba,AI-generated synthetic data
1077,Àwọn ará wa dé sí ibùdó ọkọ̀ ní kutukutu.,Yoruba,AI-generated synthetic data
1078,Nne na-eje ije n'okporo ụzọ n'ụtụtụ.,Igbo,AI-generated synthetic data
1079,"At work, i would like to learn more about the course.",English,AI-generated synthetic data
1080,Dọkịta ahụ zụtara azụ n'izu a.,Igbo,AI-generated synthetic data
1081,The manager is reviewing a research proposal.,English,AI-generated synthetic data
1082,A researcher is building the business plan.,English,AI-generated synthetic data
1083,"Yayin taro, don Allah ka tuna ka cajin wayarka.",Hausa,AI-generated synthetic data
1084,Àwọn ọmọ lo ẹja ní ìparí ọ̀sẹ̀.,Yoruba,AI-generated synthetic data
1085,Arábìnrin mi ṣe ẹran ní kutukutu.,Yoruba,AI-generated synthetic data
1086,The doctor is learning the inventory list.,English,AI-generated synthetic data
1087,The manager is building the business plan.,English,AI-generated synthetic data
1088,"Yesterday, please check the details before submitting the form.",English,AI-generated synthetic data
1089,Nwanne nwanyị m na-arụ ọrụ n'ọfịs n'isi ụtụtụ.,Igbo,AI-generated synthetic data
1090,Baba mú ẹ̀fọ́ ní òwúrọ̀.,Yoruba,AI-generated synthetic data
1091,"In the afternoon, the children are playing outside the house.",English,AI-generated synthetic data
1092,"Da yamma, mun isa lafiya bayan doguwar tafiya.",Hausa,AI-generated synthetic data
1093,Ó dé sí ibùdó ọkọ̀ ní ọ̀sán.,Yoruba,AI-generated synthetic data
1094,Likitan yana duba hanyar sadarwa.,Hausa,AI-generated synthetic data
1095,Mai binciken yana gyara manhajar waya.,Hausa,AI-generated synthetic data
1096,Baba mú ẹ̀wà ní òru.,Yoruba,AI-generated synthetic data
1097,"After lunch, which road leads to the market?",English,AI-generated synthetic data
1098,Nwa akwụkwọ ahụ na-aga n'ụlọ ọgwụ ụnyaahụ.,Igbo,AI-generated synthetic data
1099,Ọ̀rẹ́ mi ń ṣiṣẹ́ ní ibùdó ọkọ̀ ní ọ̀sán.,Yoruba,AI-generated synthetic data
1100,"After lunch, the researcher collected responses from several participants.",English,AI-generated synthetic data
1101,Aládùúgbò wa ń kọ́ ẹ̀kọ́ ní mọ́sáláṣí ní alẹ́.,Yoruba,AI-generated synthetic data
1102,Manajan yana karatu manhajar waya.,Hausa,AI-generated synthetic data
1103,"At work, the programmer fixed the error in the Python script.",English,AI-generated synthetic data
1104,Al'ummar yana duba kayan horo.,Hausa,AI-generated synthetic data
1105,Nwanne nwoke m nọ n'ọgbọ egwuregwu echi.,Igbo,AI-generated synthetic data
1106,"Bayan cin abinci, algorithm din ya yi aiki sosai bayan an tsaftace bayanan.",Hausa,AI-generated synthetic data
1107,Likitan yana shirya bayanan mara lafiya.,Hausa,AI-generated synthetic data
1108,Onye nkụzi ahụ wetara igwefoto n'isi ụtụtụ.,Igbo,AI-generated synthetic data
1109,The nurse is studying the inventory list.,English,AI-generated synthetic data
1110,Ọ̀rẹ́ mi rí ìrẹsì ọ̀la.,Yoruba,AI-generated synthetic data
1111,M chọrọ ji ụnyaahụ.,Igbo,AI-generated synthetic data
1112,The student is studying the machine learning model.,English,AI-generated synthetic data
1113,"In the afternoon, the business owner opened the shop early.",English,AI-generated synthetic data
1114,A researcher is checking a mobile application.,English,AI-generated synthetic data
1115,"Da safe, don Allah ka tuna ka cajin wayarka.",Hausa,AI-generated synthetic data
1116,Mama fẹ́ fóònù àná.,Yoruba,AI-generated synthetic data
1117,Aládùúgbò wa lọ sí ọ́fíìsì ní òwúrọ̀.,Yoruba,AI-generated synthetic data
1118,Ọmọ náà lo kọ̀ǹpútà ní òru.,Yoruba,AI-generated synthetic data
1119,My friend is repairing the computer.,English,AI-generated synthetic data
1120,The manager is building the computer.,English,AI-generated synthetic data
1121,Our team is building the farm equipment.,English,AI-generated synthetic data
1122,The doctor is organizing the meeting notes.,English,AI-generated synthetic data
1123,Manajan yana koyon shirin kasuwanci.,Hausa,AI-generated synthetic data
1124,Ụmụaka ahụ na-eje ije n'okporo ụzọ n'ehihie.,Igbo,AI-generated synthetic data
1125,Abokina yana tsara shirin kasuwanci.,Hausa,AI-generated synthetic data
1126,Akẹ́kọ̀ọ́ náà dé sí àgbègbè wa lónìí.,Yoruba,AI-generated synthetic data
1127,Onye nkụzi ahụ jiri ji n'oge.,Igbo,AI-generated synthetic data
1128,A teacher is planning the school timetable.,English,AI-generated synthetic data
1129,Nwanne m bịara n'ụlọ taa.,Igbo,AI-generated synthetic data
1130,"In the morning, the server needs regular maintenance and monitoring.",English,AI-generated synthetic data
1131,Injiniyan yana gyara jerin kaya.,Hausa,AI-generated synthetic data
1132,"Da yamma, allon bayanai yana nuna sabbin alkaluman kaya.",Hausa,AI-generated synthetic data
1133,Tawagar mu yana duba takardar bincike.,Hausa,AI-generated synthetic data
1134,Our team is building a mobile application.,English,AI-generated synthetic data
1135,Mo lọ sí mọ́sáláṣí lónìí.,Yoruba,AI-generated synthetic data
1136,Mama ń kọ́ ẹ̀kọ́ ní àgbègbè wa ní alẹ́.,Yoruba,AI-generated synthetic data
1137,Nwanne m chọrọ osikapa n'abalị.,Igbo,AI-generated synthetic data
1138,Arákùnrin mi ń rìn ní ọgbà ní kutukutu.,Yoruba,AI-generated synthetic data
1139,Mama wà ní pápá ní alẹ́.,Yoruba,AI-generated synthetic data
1140,"Today, the workers completed the installation before sunset.",English,AI-generated synthetic data
1141,Dókítà náà ní aṣọ ní òru.,Yoruba,AI-generated synthetic data
1142,Ị bịara n'ụlọ akwụkwọ n'ụtụtụ.,Igbo,AI-generated synthetic data
1143,Olùkọ́ náà rí bàtà ọ̀la.,Yoruba,AI-generated synthetic data
1144,Wọ́n ń ṣiṣẹ́ ní ọjà ní òru.,Yoruba,AI-generated synthetic data
1145,Al'ummar yana tattauna hanyar sadarwa.,Hausa,AI-generated synthetic data
1146,Ó ní ọ̀gẹ̀dẹ̀ ọ̀la.,Yoruba,AI-generated synthetic data
1147,Ha nọ n'ụlọ ekpere n'izu a.,Igbo,AI-generated synthetic data
1148,The doctor is building a research proposal.,English,AI-generated synthetic data
1149,Ọ̀rẹ́ mi lo omi ní ọ̀sán.,Yoruba,AI-generated synthetic data
1150,Nwa akwụkwọ ahụ na-arụ ọrụ n'ọgbọ egwuregwu n'isi ụtụtụ.,Igbo,AI-generated synthetic data
1151,Mo ṣe ìrẹsì ọ̀la.,Yoruba,AI-generated synthetic data
1152,Unu na-eje ije n'chọọchị taa.,Igbo,AI-generated synthetic data
1153,"Yesterday, the family prepared food for their guests.",English,AI-generated synthetic data
1154,O rí ọ̀gẹ̀dẹ̀ ní ìparí ọ̀sẹ̀.,Yoruba,AI-generated synthetic data
1155,My brother is learning the meeting notes.,English,AI-generated synthetic data
1156,Ọ na-eje ije n'ọbá akwụkwọ n'isi ụtụtụ.,Igbo,AI-generated synthetic data
1157,Onye agbata obi anyị na-amụ ihe n'ọdụ ụgbọala ụnyaahụ.,Igbo,AI-generated synthetic data
1158,"Da safe, mai shago ya bude shagon da wuri.",Hausa,AI-generated synthetic data
1159,Mai shirye-shiryen yana karatu takardar bincike.,Hausa,AI-generated synthetic data
1160,"At home, the meeting has been moved to Friday.",English,AI-generated synthetic data
1161,Nwa akwụkwọ ahụ mere ji n'ehihie.,Igbo,AI-generated synthetic data
1162,Our community is building the school timetable.,English,AI-generated synthetic data
1163,Ṣé ọkọ̀ náà ti dé?,Yoruba,AI-generated synthetic data
1164,"Da rana, me ya sa intanet din yake tafiya a hankali?",Hausa,AI-generated synthetic data
1165,Tawagar mu yana shirya shirin kasuwanci.,Hausa,AI-generated synthetic data
1166,Mai shirye-shiryen yana tsara shirin kasuwanci.,Hausa,AI-generated synthetic data
1167,Nwa akwụkwọ ahụ hụrụ uwe n'ehihie.,Igbo,AI-generated synthetic data
1168,Malamin yana koyon jadawalin makaranta.,Hausa,AI-generated synthetic data
1169,Ha nwere oche ụnyaahụ.,Igbo,AI-generated synthetic data
1170,"Yesterday, we should discuss the issue before tomorrow.",English,AI-generated synthetic data
1171,Awa mú bàtà ní òwúrọ̀.,Yoruba,AI-generated synthetic data
1172,Ẹyin ra àga ní òwúrọ̀.,Yoruba,AI-generated synthetic data
1173,Aládùúgbò wa ra ẹ̀fọ́ ní òru.,Yoruba,AI-generated synthetic data
1174,Nwanne m na-amụ ihe n'ahịa na ngwụcha izu.,Igbo,AI-generated synthetic data
1175,"Da safe, me ya sa intanet din yake tafiya a hankali?",Hausa,AI-generated synthetic data
1176,Ọ̀rẹ́ mi ṣe kọ̀ǹpútà ní alẹ́.,Yoruba,AI-generated synthetic data
1177,Àwọn ará wa lo ẹja ní ọ̀sẹ̀ yìí.,Yoruba,AI-generated synthetic data
1178,The nurse is learning the meeting notes.,English,AI-generated synthetic data
1179,Akẹ́kọ̀ọ́ náà ń rìn ní pápá ní kutukutu.,Yoruba,AI-generated synthetic data
1180,Enyi m na-eje ije n'ụlọ ahịa ụnyaahụ.,Igbo,AI-generated synthetic data
1181,Nwa ahụ nwere mmiri n'abalị.,Igbo,AI-generated synthetic data
1182,Mama mú ẹ̀fọ́ ní alẹ́.,Yoruba,AI-generated synthetic data
1183,Manomin yana karatu manhajar waya.,Hausa,AI-generated synthetic data
1184,Dókítà náà ṣe àkàrà ní ọ̀sán.,Yoruba,AI-generated synthetic data
1185,Arábìnrin mi ń ṣiṣẹ́ ní pápá ní kutukutu.,Yoruba,AI-generated synthetic data
1186,Nne na-amụ ihe n'ahịa ụnyaahụ.,Igbo,AI-generated synthetic data
1187,Malamin yana duba bayanan taro.,Hausa,AI-generated synthetic data
1188,The developer is repairing a mobile application.,English,AI-generated synthetic data
1189,Direban yana karatu jadawalin isar da kaya.,Hausa,AI-generated synthetic data
1190,Unu na-amụ ihe n'ụlọ ọgwụ n'isi ụtụtụ.,Igbo,AI-generated synthetic data
1191,Nwanne nwanyị m mere anụ n'isi ụtụtụ.,Igbo,AI-generated synthetic data
1192,M wetara osikapa ụnyaahụ.,Igbo,AI-generated synthetic data
1193,Ọ hụrụ ọka n'isi ụtụtụ.,Igbo,AI-generated synthetic data
1194,Olùkọ́ náà lọ sí àgbègbè wa lónìí.,Yoruba,AI-generated synthetic data
1195,My brother is reviewing a mobile application.,English,AI-generated synthetic data
1196,Àwọn ọmọ lọ sí mọ́sáláṣí ní ọ̀sán.,Yoruba,AI-generated synthetic data
1197,The student is reviewing the school timetable.,English,AI-generated synthetic data
1198,Abokina yana bitar kwamfutar.,Hausa,AI-generated synthetic data
1199,"Gobe, an matsar da taron zuwa ranar Juma'a.",Hausa,AI-generated synthetic data
1200,Nwanne nwanyị m wetara ji echi.,Igbo,AI-generated synthetic data
1201,Ọmọ náà ń rìn ní àgbègbè wa ní alẹ́.,Yoruba,AI-generated synthetic data
1202,Awa wà ní ilé ẹ̀kọ́ lónìí.,Yoruba,AI-generated synthetic data
1203,Tawagar mu yana bitar kayan horo.,Hausa,AI-generated synthetic data
1204,Nwanyị ahụ chọrọ akpa echi.,Igbo,AI-generated synthetic data
1205,Nwanne nwoke m zụtara akwụkwọ na ngwụcha izu.,Igbo,AI-generated synthetic data
1206,"Jiya, uwar garken tana bukatar kulawa da sa ido akai-akai.",Hausa,AI-generated synthetic data
1207,Nne zụtara anụ n'izu a.,Igbo,AI-generated synthetic data
1208,Dọkịta ahụ zụtara akwụkwọ nri n'oge.,Igbo,AI-generated synthetic data
1209,Our community is checking a mobile application.,English,AI-generated synthetic data
1210,Injiniyan yana bitar jadawalin makaranta.,Hausa,AI-generated synthetic data
1211,My friend is preparing a research proposal.,English,AI-generated synthetic data
1212,"Da yamma, don Allah ka duba bayanan kafin ka aika da fom.",Hausa,AI-generated synthetic data
1213,The doctor is preparing the farm equipment.,English,AI-generated synthetic data
1214,A teacher is building the delivery schedule.,English,AI-generated synthetic data
1215,Mai binciken yana gyara jadawalin makaranta.,Hausa,AI-generated synthetic data
1216,Direban yana shirya hanyar sadarwa.,Hausa,AI-generated synthetic data
1217,"A wurin aiki, algorithm din ya yi aiki sosai bayan an tsaftace bayanan.",Hausa,AI-generated synthetic data
1218,Ẹyin wà ní ibùdó ọkọ̀ ní òru.,Yoruba,AI-generated synthetic data
1219,"Da yamma, mai bincike ya tattara amsoshi daga mahalarta da dama.",Hausa,AI-generated synthetic data
1220,Mai binciken yana tattauna samfurin koyon na'ura.,Hausa,AI-generated synthetic data
1221,Dókítà náà lọ sí ilé ìwòsàn àná.,Yoruba,AI-generated synthetic data
1222,My friend is checking the business plan.,English,AI-generated synthetic data
1223,Mo ní àgbàdo ní alẹ́.,Yoruba,AI-generated synthetic data
1224,Olùkọ́ náà mú omi ní kutukutu.,Yoruba,AI-generated synthetic data
1225,Arábìnrin mi mú fóònù ní òwúrọ̀.,Yoruba,AI-generated synthetic data
1226,Manomin yana gina takardar bincike.,Hausa,AI-generated synthetic data
1227,"At home, i would like to learn more about the course.",English,AI-generated synthetic data
1228,Arábìnrin mi wà ní òpópónà ní kutukutu.,Yoruba,AI-generated synthetic data
1229,O ń ṣiṣẹ́ ní ọgbà ní alẹ́.,Yoruba,AI-generated synthetic data
1230,The doctor is checking the training materials.,English,AI-generated synthetic data
1231,Ị riela nri?,Igbo,AI-generated synthetic data
1232,The manager is reviewing the school timetable.,English,AI-generated synthetic data
1233,Arábìnrin mi rí ẹran ọ̀la.,Yoruba,AI-generated synthetic data
1234,The student is checking the network connection.,English,AI-generated synthetic data
1235,Mai shirye-shiryen yana koyon kayan horo.,Hausa,AI-generated synthetic data
1236,"At home, the mechanic replaced the damaged part.",English,AI-generated synthetic data
1237,"Da safe, na yi farin cikin jin cewa komai ya tafi lafiya.",Hausa,AI-generated synthetic data
1238,Ẹyin rí àga ní ọ̀sẹ̀ yìí.,Yoruba,AI-generated synthetic data
1239,Injiniyan yana tsara manhajar waya.,Hausa,AI-generated synthetic data
1240,Ònye kpọrọ gị?,Igbo,AI-generated synthetic data
1241,"Jiya, ta yaya za mu inganta tsarin?",Hausa,AI-generated synthetic data
1242,The doctor is studying the report.,English,AI-generated synthetic data
1243,Nne mere oche n'izu a.,Igbo,AI-generated synthetic data
1244,A researcher is building a mobile application.,English,AI-generated synthetic data
1245,Likita ya shawarci mara lafiya ya kara shan ruwa.,Hausa,AI-generated synthetic data
1246,A researcher is discussing a mobile application.,English,AI-generated synthetic data
1247,Nwanne nwanyị m na-aga n'okporo ụzọ taa.,Igbo,AI-generated synthetic data
1248,A researcher is organizing a new project.,English,AI-generated synthetic data
1249,The nurse is planning the network connection.,English,AI-generated synthetic data
1250,"At work, the student borrowed a book from the library.",English,AI-generated synthetic data
1251,"In the afternoon, the manager asked everyone to attend the briefing.",English,AI-generated synthetic data
1252,Aghọtara m,Igbo,AI-generated synthetic data
1253,My friend is checking the network connection.,English,AI-generated synthetic data
1254,Mai shirye-shiryen yana bitar bayanan taro.,Hausa,AI-generated synthetic data
1255,Ọ zụtara agwa n'isi ụtụtụ.,Igbo,AI-generated synthetic data
1256,Ị na-aga n'ụlọ taa.,Igbo,AI-generated synthetic data
1257,"Jiya, mun gwada API kafin mu hada shi da manhajar.",Hausa,AI-generated synthetic data
1258,"In the morning, the driver waited for passengers near the bus station.",English,AI-generated synthetic data
1259,Ẹyin ń kọ́ ẹ̀kọ́ ní ilé ọ̀rẹ́ mi ní kutukutu.,Yoruba,AI-generated synthetic data
1260,Anyị na-eje ije n'ogige n'oge.,Igbo,AI-generated synthetic data
1261,"Da rana, mai kirkirar manhaja ya tsara hanya mai sauki ga masu amfani.",Hausa,AI-generated synthetic data
1262,Nwoke ahụ zụtara tebụl n'abalị.,Igbo,AI-generated synthetic data
1263,Nwa akwụkwọ ahụ na-eje ije n'ọdụ ụgbọala n'oge.,Igbo,AI-generated synthetic data
1264,Àwọn ọmọ ń kọ́ ẹ̀kọ́ ní àgbègbè wa ní ìparí ọ̀sẹ̀.,Yoruba,AI-generated synthetic data
1265,Nwanne nwanyị m wetara mmiri n'abalị.,Igbo,AI-generated synthetic data
1266,Báwo ni o ṣe wà?,Yoruba,AI-generated synthetic data
1267,Aládùúgbò wa ń ṣiṣẹ́ ní ilé ìwé àná.,Yoruba,AI-generated synthetic data
1268,Our community is repairing a new project.,English,AI-generated synthetic data
1269,My friend is planning a research proposal.,English,AI-generated synthetic data
1270,Wọ́n ń rìn ní ilé ìtajà ní alẹ́.,Yoruba,AI-generated synthetic data
1271,Ụmụaka ahụ na-arụ ọrụ n'ụlọ akwụkwọ n'isi ụtụtụ.,Igbo,AI-generated synthetic data
1272,Our community is preparing the meeting notes.,English,AI-generated synthetic data
1273,Wọ́n ń rìn ní ilé ọ̀rẹ́ mi ní kutukutu.,Yoruba,AI-generated synthetic data
1274,M na-eje ije n'ụlọ enyi m n'abalị.,Igbo,AI-generated synthetic data
1275,"Tomorrow, i forgot my umbrella at home.",English,AI-generated synthetic data
1276,Nwa akwụkwọ ahụ chọrọ akwụkwọ taa.,Igbo,AI-generated synthetic data
1277,Ọ̀rẹ́ mi rí fóònù àná.,Yoruba,AI-generated synthetic data
1278,"Yau, wace hanya ce take zuwa kasuwa?",Hausa,AI-generated synthetic data
1279,Direban yana koyon kwamfutar.,Hausa,AI-generated synthetic data
1280,Awa ra ẹ̀wà ní ọ̀sẹ̀ yìí.,Yoruba,AI-generated synthetic data
1281,Mai bincike ya tattara amsoshi daga mahalarta da dama.,Hausa,AI-generated synthetic data
1282,Mi ò yé mi,Yoruba,AI-generated synthetic data
1283,Our community is discussing the inventory list.,English,AI-generated synthetic data
1284,"At work, the application stores user information securely.",English,AI-generated synthetic data
1285,Ha na-arụ ọrụ n'ogige n'oge.,Igbo,AI-generated synthetic data
1286,The farmer is checking a research proposal.,English,AI-generated synthetic data
1287,"Yau, sabon shirin zai fara wata mai zuwa.",Hausa,AI-generated synthetic data
1288,Mo wà ní ilé lónìí.,Yoruba,AI-generated synthetic data
1289,A teacher is organizing the school timetable.,English,AI-generated synthetic data
1290,Ụmụaka ahụ hụrụ tebụl n'ehihie.,Igbo,AI-generated synthetic data
1291,The manager is learning a mobile application.,English,AI-generated synthetic data
1292,Arákùnrin mi fẹ́ ìrẹsì ní alẹ́.,Yoruba,AI-generated synthetic data
1293,"In the evening, the developer created a simple interface for the users.",English,AI-generated synthetic data
1294,Direban yana karatu bayanan mara lafiya.,Hausa,AI-generated synthetic data
1295,Nwanne nwoke m na-aga n'ogige taa.,Igbo,AI-generated synthetic data
1296,"Jiya, na yi farin cikin jin cewa komai ya tafi lafiya.",Hausa,AI-generated synthetic data
1297,The driver is reviewing the report.,English,AI-generated synthetic data
1298,Al'ummar yana duba jadawalin isar da kaya.,Hausa,AI-generated synthetic data
1299,Malamin yana tsara sabon aiki.,Hausa,AI-generated synthetic data
1300,Mo fẹ́ àkàrà àná.,Yoruba,AI-generated synthetic data
1301,Al'ummar yana tsara takardar bincike.,Hausa,AI-generated synthetic data
1302,Wutar lantarki ta dauke da yamma.,Hausa,AI-generated synthetic data
1303,Ọkùnrin náà fẹ́ ẹja ní ọ̀sẹ̀ yìí.,Yoruba,AI-generated synthetic data
1304,Enyi m mere agwa n'izu a.,Igbo,AI-generated synthetic data
1305,Unu bịara n'ogige n'oge.,Igbo,AI-generated synthetic data
1306,Mai binciken yana karatu jadawalin makaranta.,Hausa,AI-generated synthetic data
1307,Mai shirye-shiryen yana shirya kwamfutar.,Hausa,AI-generated synthetic data
1308,Olùkọ́ náà fẹ́ ẹ̀fọ́ lónìí.,Yoruba,AI-generated synthetic data
1309,Nwanyị ahụ zụtara akpa ụnyaahụ.,Igbo,AI-generated synthetic data
1310,The developer is discussing the computer.,English,AI-generated synthetic data
1311,Obìnrin náà lọ sí pápá àná.,Yoruba,AI-generated synthetic data
1312,Malamin yana bitar kayan aikin gona.,Hausa,AI-generated synthetic data
1313,Dan uwana yana shirya kayan horo.,Hausa,AI-generated synthetic data
1314,The engineer is planning the farm equipment.,English,AI-generated synthetic data
1315,Anyị chọrọ unere n'ehihie.,Igbo,AI-generated synthetic data
1316,"Yayin taro, ina asibitin da ya fi kusa yake?",Hausa,AI-generated synthetic data
1317,Injiniyan yana duba jadawalin isar da kaya.,Hausa,AI-generated synthetic data
1318,Nwoke ahụ mere igwefoto ụnyaahụ.,Igbo,AI-generated synthetic data
1319,Ó ṣe kọ́kọ́rọ́ ní kutukutu.,Yoruba,AI-generated synthetic data
1320,Nwa akwụkwọ ahụ jiri uwe n'ụtụtụ.,Igbo,AI-generated synthetic data
1321,The engineer is organizing the farm equipment.,English,AI-generated synthetic data
1322,Ọkùnrin náà fẹ́ ẹ̀fọ́ ní òru.,Yoruba,AI-generated synthetic data
1323,O ní ọ̀gẹ̀dẹ̀ lónìí.,Yoruba,AI-generated synthetic data
1324,Baba lọ sí ilé ní òwúrọ̀.,Yoruba,AI-generated synthetic data
1325,Nne nọ n'ahịa ụnyaahụ.,Igbo,AI-generated synthetic data
1326,Mai binciken yana koyon hanyar sadarwa.,Hausa,AI-generated synthetic data
1327,Our team is organizing the patient record.,English,AI-generated synthetic data
1328,Nwanne nwoke m mere mmiri n'oge.,Igbo,AI-generated synthetic data
1329,Nne bịara n'ụlọ akwụkwọ echi.,Igbo,AI-generated synthetic data
1330,Ọmọ náà wà ní ibùdó ọkọ̀ ní ọ̀sẹ̀ yìí.,Yoruba,AI-generated synthetic data
1331,Dan uwana yana gina jadawalin makaranta.,Hausa,AI-generated synthetic data
1332,Direban yana shirya jadawalin isar da kaya.,Hausa,AI-generated synthetic data
1333,The nurse is organizing the network connection.,English,AI-generated synthetic data
1334,Mai binciken yana shirya jadawalin makaranta.,Hausa,AI-generated synthetic data
1335,Dalibin yana koyon jerin kaya.,Hausa,AI-generated synthetic data
1336,The student is planning the patient record.,English,AI-generated synthetic data
1337,Mai shirye-shiryen yana gina sabon aiki.,Hausa,AI-generated synthetic data
1338,A researcher is planning a new project.,English,AI-generated synthetic data
1339,Nna nwere ekwentị n'izu a.,Igbo,AI-generated synthetic data
1340,Olùkọ́ náà rí ẹran ní òwúrọ̀.,Yoruba,AI-generated synthetic data
1341,Nne na-eje ije n'chọọchị n'oge.,Igbo,AI-generated synthetic data
1342,"Today, the network administrator checked the router.",English,AI-generated synthetic data
1343,The doctor is studying the patient record.,English,AI-generated synthetic data
1344,Nwanyị ahụ zụtara igodo n'izu a.,Igbo,AI-generated synthetic data
1345,Arákùnrin mi ra ìwé ní alẹ́.,Yoruba,AI-generated synthetic data
1346,The manager is organizing the farm equipment.,English,AI-generated synthetic data
1347,Dalibin yana tattauna takardar bincike.,Hausa,AI-generated synthetic data
1348,Onye nkụzi ahụ na-aga n'okporo ụzọ echi.,Igbo,AI-generated synthetic data
1349,"Da yamma, tawagar ta kammala aikin akan lokaci.",Hausa,AI-generated synthetic data
1350,Ma'aikaciyar jinya yana tattauna bayanan mara lafiya.,Hausa,AI-generated synthetic data
1351,Ẹyin ń kọ́ ẹ̀kọ́ ní mọ́sáláṣí àná.,Yoruba,AI-generated synthetic data
1352,Awa ń rìn ní ibùdó ọkọ̀ ní ọ̀sẹ̀ yìí.,Yoruba,AI-generated synthetic data
1353,Obìnrin náà ṣe aṣọ ní alẹ́.,Yoruba,AI-generated synthetic data
1354,Our community is preparing the business plan.,English,AI-generated synthetic data
1355,Al'ummar yana tattauna bayanan mara lafiya.,Hausa,AI-generated synthetic data
1356,Ụmụaka ahụ na-amụ ihe n'ụlọ enyi m n'abalị.,Igbo,AI-generated synthetic data
1357,The developer is building the farm equipment.,English,AI-generated synthetic data
1358,Malamin yana karatu kayan horo.,Hausa,AI-generated synthetic data
1359,Mai binciken yana koyon bayanan mara lafiya.,Hausa,AI-generated synthetic data
1360,Enyi m jiri anụ n'isi ụtụtụ.,Igbo,AI-generated synthetic data
1361,Likitan yana bitar manhajar waya.,Hausa,AI-generated synthetic data
1362,Likitan yana karatu samfurin koyon na'ura.,Hausa,AI-generated synthetic data
1363,Ha zụtara anụ n'oge.,Igbo,AI-generated synthetic data
1364,Ọ na-aga n'okporo ụzọ n'oge.,Igbo,AI-generated synthetic data
1365,Abokina yana tattauna takardar bincike.,Hausa,AI-generated synthetic data
1366,Unu na-eje ije n'ọfịs n'ụtụtụ.,Igbo,AI-generated synthetic data
1367,The engineer is organizing the machine learning model.,English,AI-generated synthetic data
1368,The engineer is planning the network connection.,English,AI-generated synthetic data
1369,Enyi m bịara n'ụlọ enyi m n'abalị.,Igbo,AI-generated synthetic data
1370,Obìnrin náà lọ sí ilé ní òru.,Yoruba,AI-generated synthetic data
1371,Enyi m na-amụ ihe n'ụlọ n'ehihie.,Igbo,AI-generated synthetic data
1372,Nwoke ahụ nọ n'ogige na ngwụcha izu.,Igbo,AI-generated synthetic data
1373,Nwa akwụkwọ ahụ na-aga n'ụlọ ekpere n'izu a.,Igbo,AI-generated synthetic data
1374,Ọkùnrin náà wà ní àgbègbè wa ní òwúrọ̀.,Yoruba,AI-generated synthetic data
1375,Manajan yana bitar shirin kasuwanci.,Hausa,AI-generated synthetic data
1376,Kedu ka m ga-esi gaa ebe ahụ?,Igbo,AI-generated synthetic data
1377,What time does the bus leave?,English,AI-generated synthetic data
1378,Mo wà nílé,Yoruba,AI-generated synthetic data
1379,"At home, they are waiting for the bus.",English,AI-generated synthetic data
1380,"Yesterday, the report contains the results of the experiment.",English,AI-generated synthetic data
1381,Ọmọ náà dé sí mọ́sáláṣí ọ̀la.,Yoruba,AI-generated synthetic data
1382,Nwa ahụ na-arụ ọrụ n'ụlọ akwụkwọ echi.,Igbo,AI-generated synthetic data
1383,Ọ̀rẹ́ mi ń ṣiṣẹ́ ní mọ́sáláṣí ọ̀la.,Yoruba,AI-generated synthetic data
1384,The nurse is preparing the training materials.,English,AI-generated synthetic data
1385,Onye agbata obi anyị mere igwefoto taa.,Igbo,AI-generated synthetic data
1386,Mo ní ọ̀gẹ̀dẹ̀ ní ìparí ọ̀sẹ̀.,Yoruba,AI-generated synthetic data
1387,O wà ní ilé ìtajà ní ìparí ọ̀sẹ̀.,Yoruba,AI-generated synthetic data
1388,Olùkọ́ náà ra ìwé ní ìparí ọ̀sẹ̀.,Yoruba,AI-generated synthetic data
1389,Dọkịta ahụ bịara n'ụlọ ekpere n'izu a.,Igbo,AI-generated synthetic data
1390,Wọ́n wà ní ọ́fíìsì ní òru.,Yoruba,AI-generated synthetic data
1391,Onye nkụzi ahụ mere ji n'ụtụtụ.,Igbo,AI-generated synthetic data
1392,Onye agbata obi anyị na-arụ ọrụ n'ọgbọ egwuregwu n'izu a.,Igbo,AI-generated synthetic data
1393,Ó ń kọ́ ẹ̀kọ́ ní ọgbà ní òru.,Yoruba,AI-generated synthetic data
1394,"Da yamma, rumbun bayanai yana dauke da bayanai daga wurare da dama.",Hausa,AI-generated synthetic data
1395,Ọ̀rẹ́ mi wà ní ilé ìwòsàn ní ìparí ọ̀sẹ̀.,Yoruba,AI-generated synthetic data
1396,Nwoke ahụ jiri akwụkwọ echi.,Igbo,AI-generated synthetic data
1397,Injiniyan yana duba sabon aiki.,Hausa,AI-generated synthetic data
1398,Onye agbata obi anyị bịara n'ọgbọ egwuregwu n'ụtụtụ.,Igbo,AI-generated synthetic data
1399,Ma'aikaciyar jinya yana gina jerin kaya.,Hausa,AI-generated synthetic data
1400,The developer is building the network connection.,English,AI-generated synthetic data
1401,Manomin yana duba jerin kaya.,Hausa,AI-generated synthetic data
1402,Ọkùnrin náà rí ẹ̀fọ́ ní òwúrọ̀.,Yoruba,AI-generated synthetic data
1403,Nwa ahụ nọ n'ụlọ akwụkwọ n'oge.,Igbo,AI-generated synthetic data
1404,M bịara n'ụlọ ọgwụ n'abalị.,Igbo,AI-generated synthetic data
1405,"Gobe, ta yaya za mu inganta tsarin?",Hausa,AI-generated synthetic data
1406,Ị zụtara unere n'ụtụtụ.,Igbo,AI-generated synthetic data
1407,Dọkịta ahụ jiri akwụkwọ nri taa.,Igbo,AI-generated synthetic data
1408,I will call you when I arrive.,English,AI-generated synthetic data
1409,A teacher is studying a new project.,English,AI-generated synthetic data
1410,Ọ na-arụ ọrụ n'ọgbọ egwuregwu n'isi ụtụtụ.,Igbo,AI-generated synthetic data
1411,Our community is studying the computer.,English,AI-generated synthetic data
1412,The nurse is building the report.,English,AI-generated synthetic data
1413,Ụmụaka ahụ nọ n'ahịa ụnyaahụ.,Igbo,AI-generated synthetic data
1414,Tawagar mu yana duba jadawalin makaranta.,Hausa,AI-generated synthetic data
1415,O ń rìn ní ilé ọ̀rẹ́ mi ní ọ̀sán.,Yoruba,AI-generated synthetic data
1416,Akẹ́kọ̀ọ́ náà ń kọ́ ẹ̀kọ́ ní àgbègbè wa ní ọ̀sán.,Yoruba,AI-generated synthetic data
1417,Nwoke ahụ nọ n'ụlọ akwụkwọ echi.,Igbo,AI-generated synthetic data
1418,The manager is studying the network connection.,English,AI-generated synthetic data
1419,Al'ummar yana karatu hanyar sadarwa.,Hausa,AI-generated synthetic data
1420,Tawagar mu yana tattauna jadawalin isar da kaya.,Hausa,AI-generated synthetic data
1421,Nwanyị ahụ mere uwe n'oge.,Igbo,AI-generated synthetic data
1422,"Today, the weather is pleasant today.",English,AI-generated synthetic data
1423,Ọkùnrin náà rí ẹja ní òru.,Yoruba,AI-generated synthetic data
1424,Dókítà náà lọ sí ilé ọ̀rẹ́ mi ní òru.,Yoruba,AI-generated synthetic data
1425,Malamin yana koyon shirin kasuwanci.,Hausa,AI-generated synthetic data
1426,"Da rana, manomi ya shuka masara kafin lokacin damina ya fara.",Hausa,AI-generated synthetic data
1427,Dan uwana yana koyon hanyar sadarwa.,Hausa,AI-generated synthetic data
1428,Nne nwere kọmputa na ngwụcha izu.,Igbo,AI-generated synthetic data
1429,Awa ń kọ́ ẹ̀kọ́ ní ọgbà ẹ̀kọ́ ní òru.,Yoruba,AI-generated synthetic data
1430,The nurse is checking the report.,English,AI-generated synthetic data
1431,The nurse is checking the business plan.,English,AI-generated synthetic data
1432,Enyi m hụrụ anụ na ngwụcha izu.,Igbo,AI-generated synthetic data
1433,Nwoke ahụ zụtara akpa echi.,Igbo,AI-generated synthetic data
1434,My brother is organizing the network connection.,English,AI-generated synthetic data
1435,Manajan yana bitar kayan horo.,Hausa,AI-generated synthetic data
1436,Ma'aikaciyar jinya yana tsara jadawalin makaranta.,Hausa,AI-generated synthetic data
1437,Ma'aikaciyar jinya yana duba samfurin koyon na'ura.,Hausa,AI-generated synthetic data
1438,The engineer is discussing the machine learning model.,English,AI-generated synthetic data
1439,Ọ̀rẹ́ mi ń rìn ní mọ́sáláṣí ní alẹ́.,Yoruba,AI-generated synthetic data
1440,Manomin yana tattauna jadawalin isar da kaya.,Hausa,AI-generated synthetic data
1441,Unu na-aga n'ụlọ ahịa n'ehihie.,Igbo,AI-generated synthetic data
1442,Ẹyin fẹ́ aṣọ ní ọ̀sán.,Yoruba,AI-generated synthetic data
1443,Baba ra ìrẹsì lónìí.,Yoruba,AI-generated synthetic data
1444,Tawagar mu yana gyara bayanan taro.,Hausa,AI-generated synthetic data
1445,Ị na-arụ ọrụ n'ụlọ ọgwụ n'abalị.,Igbo,AI-generated synthetic data
1446,Dókítà náà dé sí ọ́fíìsì ní kutukutu.,Yoruba,AI-generated synthetic data
1447,Nna zụtara osikapa taa.,Igbo,AI-generated synthetic data
1448,Ọ̀rẹ́ mi lo kọ̀ǹpútà ní ìparí ọ̀sẹ̀.,Yoruba,AI-generated synthetic data
1449,The engineer is repairing a research proposal.,English,AI-generated synthetic data
1450,"Yesterday, the engineer inspected the equipment before starting work.",English,AI-generated synthetic data
1451,Wọ́n ní ẹ̀wà ní ọ̀sẹ̀ yìí.,Yoruba,AI-generated synthetic data
1452,Ó dé sí àgbègbè wa ní kutukutu.,Yoruba,AI-generated synthetic data
1453,"A wurin aiki, wutar lantarki ta dauke da yamma.",Hausa,AI-generated synthetic data
1454,"Tomorrow, the weather is pleasant today.",English,AI-generated synthetic data
1455,Ọ̀rẹ́ mi fẹ́ ẹran ọ̀la.,Yoruba,AI-generated synthetic data
1456,Enyi m na-eje ije n'ụlọ akwụkwọ n'isi ụtụtụ.,Igbo,AI-generated synthetic data
1457,Dọkịta ahụ nwere akwụkwọ taa.,Igbo,AI-generated synthetic data
1458,The doctor is planning the report.,English,AI-generated synthetic data
1459,M nwere igodo taa.,Igbo,AI-generated synthetic data
1460,The farmer is discussing the machine learning model.,English,AI-generated synthetic data
1461,Nwanne nwoke m nọ n'chọọchị n'ehihie.,Igbo,AI-generated synthetic data
1462,The engineer is learning the delivery schedule.,English,AI-generated synthetic data
1463,"Yayin taro, za mu iya duba rahoton yau?",Hausa,AI-generated synthetic data
1464,Baba lo àga lónìí.,Yoruba,AI-generated synthetic data
1465,Manomin yana bitar manhajar waya.,Hausa,AI-generated synthetic data
1466,Akẹ́kọ̀ọ́ náà mú àkàrà ní ọ̀sán.,Yoruba,AI-generated synthetic data
1467,Arábìnrin mi fẹ́ ìwé ní alẹ́.,Yoruba,AI-generated synthetic data
1468,Àwọn ará wa lọ sí ilé ìwòsàn ní alẹ́.,Yoruba,AI-generated synthetic data
1469,The student is planning the business plan.,English,AI-generated synthetic data
1470,Nwoke ahụ na-aga n'ahịa n'oge.,Igbo,AI-generated synthetic data
1471,Olùkọ́ náà ṣe àkàrà ọ̀la.,Yoruba,AI-generated synthetic data
1472,Ó rí àpò ní ọ̀sán.,Yoruba,AI-generated synthetic data
1473,Ọkùnrin náà lọ sí ilé ẹ̀kọ́ ní alẹ́.,Yoruba,AI-generated synthetic data
1474,"In the afternoon, when should I submit the application?",English,AI-generated synthetic data
1475,Kowa ya kamata ya bi umarnin tsaro.,Hausa,AI-generated synthetic data
1476,Tawagar mu yana tattauna takardar bincike.,Hausa,AI-generated synthetic data
1477,Nne hụrụ nri ụnyaahụ.,Igbo,AI-generated synthetic data
1478,Wọ́n mú ọ̀gẹ̀dẹ̀ àná.,Yoruba,AI-generated synthetic data
1479,A researcher is planning a research proposal.,English,AI-generated synthetic data
1480,The developer is organizing the farm equipment.,English,AI-generated synthetic data
1481,Wọ́n ń ṣiṣẹ́ ní ilé ìtajà lónìí.,Yoruba,AI-generated synthetic data
1482,"In the morning, he called his mother after work.",English,AI-generated synthetic data
1483,Nwanne m jiri anụ na ngwụcha izu.,Igbo,AI-generated synthetic data
1484,Abokina yana tsara rahoton.,Hausa,AI-generated synthetic data
1485,Mo dé sí ilé ìwé ọ̀la.,Yoruba,AI-generated synthetic data
1486,Enyi m zụtara osikapa n'abalị.,Igbo,AI-generated synthetic data
1487,"Jiya, wutar lantarki ta dauke da yamma.",Hausa,AI-generated synthetic data
1488,"Yesterday, can we review the report today?",English,AI-generated synthetic data
1489,Arábìnrin mi ní àkàrà ní alẹ́.,Yoruba,AI-generated synthetic data
1490,Likitan yana tsara sabon aiki.,Hausa,AI-generated synthetic data
1491,The farmer is building the inventory list.,English,AI-generated synthetic data
1492,"A gida, don Allah ka ajiye kayan aikin a wuri mai aminci.",Hausa,AI-generated synthetic data
1493,"In the morning, the manager asked everyone to attend the briefing.",English,AI-generated synthetic data
1494,A teacher is checking a new project.,English,AI-generated synthetic data
1495,The farmer is studying a new project.,English,AI-generated synthetic data
1496,Ha nwere kọmputa n'abalị.,Igbo,AI-generated synthetic data
1497,Ma'aikaciyar jinya yana gyara bayanan taro.,Hausa,AI-generated synthetic data
1498,Nne nọ n'ọbá akwụkwọ n'abalị.,Igbo,AI-generated synthetic data
1499,Awa ra aṣọ ní ọ̀sán.,Yoruba,AI-generated synthetic data
1500,Manajan yana koyon kwamfutar.,Hausa,AI-generated synthetic data
1501,Akẹ́kọ̀ọ́ náà fẹ́ ẹja ní ọ̀sán.,Yoruba,AI-generated synthetic data
1502,The manager is repairing the farm equipment.,English,AI-generated synthetic data
1503,"Da safe, allon bayanai yana nuna sabbin alkaluman kaya.",Hausa,AI-generated synthetic data
1504,Ó ń rìn ní ilé ìtajà ní kutukutu.,Yoruba,AI-generated synthetic data
1505,Wọ́n ń rìn ní mọ́sáláṣí àná.,Yoruba,AI-generated synthetic data
1506,Àwọn ọmọ ń rìn ní ilé ìwé ní ọ̀sán.,Yoruba,AI-generated synthetic data
1507,The developer is discussing a mobile application.,English,AI-generated synthetic data
1508,"A gida, mai shago ya bude shagon da wuri.",Hausa,AI-generated synthetic data
1509,Àwọn ará wa fẹ́ ọ̀gẹ̀dẹ̀ ní ìparí ọ̀sẹ̀.,Yoruba,AI-generated synthetic data
1510,Tawagar mu yana koyon samfurin koyon na'ura.,Hausa,AI-generated synthetic data
1511,Enyi m wetara mmiri ụnyaahụ.,Igbo,AI-generated synthetic data
1512,Ha wetara ọka n'izu a.,Igbo,AI-generated synthetic data
1513,Ọ̀rẹ́ mi lo ẹran ní kutukutu.,Yoruba,AI-generated synthetic data
1514,Àwọn ará wa ṣe ìwé ọ̀la.,Yoruba,AI-generated synthetic data
1515,Akẹ́kọ̀ọ́ náà ń ṣiṣẹ́ ní ilé ìwé ní òru.,Yoruba,AI-generated synthetic data
1516,Nwa akwụkwọ ahụ jiri ji n'isi ụtụtụ.,Igbo,AI-generated synthetic data
1517,Dan uwana yana karatu manhajar waya.,Hausa,AI-generated synthetic data
1518,Dọkịta ahụ jiri akwụkwọ n'isi ụtụtụ.,Igbo,AI-generated synthetic data
1519,Gịnị ka ị chọrọ iri?,Igbo,AI-generated synthetic data
1520,The farmer is learning the training materials.,English,AI-generated synthetic data
1521,Fasinjoji sun jira cikin hakuri a tashar mota.,Hausa,AI-generated synthetic data
1522,"Yesterday, when should I submit the application?",English,AI-generated synthetic data
1523,Al'ummar yana bitar kayan horo.,Hausa,AI-generated synthetic data
1524,"Yesterday, the farmer planted maize before the rainy season began.",English,AI-generated synthetic data
1525,Mai shirye-shiryen yana karatu kayan aikin gona.,Hausa,AI-generated synthetic data
1526,"Da safe, algorithm din ya yi aiki sosai bayan an tsaftace bayanan.",Hausa,AI-generated synthetic data
1527,Nwanne m hụrụ anụ taa.,Igbo,AI-generated synthetic data
1528,Mama fẹ́ ẹran ní ìparí ọ̀sẹ̀.,Yoruba,AI-generated synthetic data
1529,Tawagar mu yana tsara manhajar waya.,Hausa,AI-generated synthetic data
1530,The doctor is learning the farm equipment.,English,AI-generated synthetic data
1531,"A wurin aiki, al'umma ta shirya aikin tsaftace muhalli ranar Asabar.",Hausa,AI-generated synthetic data
1532,Ruwan sama ya fara bayan mun tafi.,Hausa,AI-generated synthetic data
1533,Abokina yana karatu rahoton.,Hausa,AI-generated synthetic data
1534,Ọ̀rẹ́ mi ra kámẹ́rà ní ìparí ọ̀sẹ̀.,Yoruba,AI-generated synthetic data
1535,Nwanne nwoke m hụrụ igwefoto na ngwụcha izu.,Igbo,AI-generated synthetic data
1536,Mai binciken yana gina kayan horo.,Hausa,AI-generated synthetic data
1537,"Da yamma, za ka iya taimaka min da wannan matsalar?",Hausa,AI-generated synthetic data
1538,Ị na-arụ ọrụ n'ụlọ ekpere n'ụtụtụ.,Igbo,AI-generated synthetic data
1539,Nwanne nwoke m na-amụ ihe n'ụlọ taa.,Igbo,AI-generated synthetic data
1540,Àwọn ọmọ ń kọ́ ẹ̀kọ́ ní ọjà ọ̀la.,Yoruba,AI-generated synthetic data
1541,Ha na-aga n'okporo ụzọ ụnyaahụ.,Igbo,AI-generated synthetic data
1542,Nwa akwụkwọ ahụ nwere akwụkwọ n'izu a.,Igbo,AI-generated synthetic data
1543,The student is preparing the meeting notes.,English,AI-generated synthetic data
1544,Mo ń kọ́ ẹ̀kọ́ ní ilé ọ̀rẹ́ mi ní ọ̀sán.,Yoruba,AI-generated synthetic data
1545,Ọkùnrin náà mú kámẹ́rà àná.,Yoruba,AI-generated synthetic data
1546,Mo lo kọ́kọ́rọ́ ní kutukutu.,Yoruba,AI-generated synthetic data
1547,Wọ́n wà ní mọ́sáláṣí ní ọ̀sẹ̀ yìí.,Yoruba,AI-generated synthetic data
1548,Mai binciken yana bitar sabon aiki.,Hausa,AI-generated synthetic data
1549,Mai shirye-shiryen yana bitar hanyar sadarwa.,Hausa,AI-generated synthetic data
1550,Likitan yana karatu rahoton.,Hausa,AI-generated synthetic data
1551,Manajan yana duba kwamfutar.,Hausa,AI-generated synthetic data
1552,Mai shirye-shiryen yana shirya hanyar sadarwa.,Hausa,AI-generated synthetic data
1553,The doctor is discussing a new project.,English,AI-generated synthetic data
1554,Ọkùnrin náà ṣe aṣọ ní òwúrọ̀.,Yoruba,AI-generated synthetic data
1555,Nne na-aga n'ụlọ na ngwụcha izu.,Igbo,AI-generated synthetic data
1556,Awa fẹ́ aṣọ ní òwúrọ̀.,Yoruba,AI-generated synthetic data
1557,The manager is repairing the computer.,English,AI-generated synthetic data
1558,Nna wetara oche n'izu a.,Igbo,AI-generated synthetic data
1559,Àwọn ọmọ ṣe oúnjẹ àná.,Yoruba,AI-generated synthetic data
1560,Ị na-amụ ihe n'ọbá akwụkwọ n'isi ụtụtụ.,Igbo,AI-generated synthetic data
1561,M na-aga n'ụlọ akwụkwọ ụnyaahụ.,Igbo,AI-generated synthetic data
1562,Akẹ́kọ̀ọ́ náà dé sí mọ́sáláṣí ní ọ̀sán.,Yoruba,AI-generated synthetic data
1563,Olùkọ́ náà mú ẹran lónìí.,Yoruba,AI-generated synthetic data
1564,Manajan yana shirya manhajar waya.,Hausa,AI-generated synthetic data
1565,A researcher is preparing the school timetable.,English,AI-generated synthetic data
1566,Ụmụaka ahụ bịara n'ọfịs echi.,Igbo,AI-generated synthetic data
1567,M na-arụ ọrụ n'ọfịs echi.,Igbo,AI-generated synthetic data
1568,Abokina yana tsara takardar bincike.,Hausa,AI-generated synthetic data
1569,"Da yamma, taron ya dauki lokaci fiye da yadda aka zata.",Hausa,AI-generated synthetic data
1570,O ra àkàrà ní alẹ́.,Yoruba,AI-generated synthetic data
1571,Onye nkụzi ahụ chọrọ akwụkwọ nri echi.,Igbo,AI-generated synthetic data
1572,Which road leads to the market?,English,AI-generated synthetic data
1573,Direban yana shirya samfurin koyon na'ura.,Hausa,AI-generated synthetic data
1574,Malamin yana duba shirin kasuwanci.,Hausa,AI-generated synthetic data
1575,Enyi m hụrụ mmiri n'abalị.,Igbo,AI-generated synthetic data
1576,Nna jiri kọmputa n'ụtụtụ.,Igbo,AI-generated synthetic data
1577,"In the morning, good morning, I hope you are doing well.",English,AI-generated synthetic data
1578,Ọ chọrọ agwa n'oge.,Igbo,AI-generated synthetic data
1579,Manomin yana koyon jerin kaya.,Hausa,AI-generated synthetic data
1580,"During the meeting, the model classifies short text into different languages.",English,AI-generated synthetic data
1581,Obìnrin náà ní kọ́kọ́rọ́ ní alẹ́.,Yoruba,AI-generated synthetic data
1582,Ṣé o lóye ẹ̀kọ́ náà?,Yoruba,AI-generated synthetic data
1583,Tawagar mu yana duba kwamfutar.,Hausa,AI-generated synthetic data
1584,Wọ́n lo ọ̀gẹ̀dẹ̀ ní òwúrọ̀.,Yoruba,AI-generated synthetic data
1585,My brother is studying the business plan.,English,AI-generated synthetic data
1586,Malamin yana tsara jadawalin isar da kaya.,Hausa,AI-generated synthetic data
1587,Our community is repairing the inventory list.,English,AI-generated synthetic data
1588,"Yayin taro, zan ziyarci abokina gobe.",Hausa,AI-generated synthetic data
1589,Nwanne m na-eje ije n'ọbá akwụkwọ n'isi ụtụtụ.,Igbo,AI-generated synthetic data
1590,The developer is reviewing the inventory list.,English,AI-generated synthetic data
1591,M bịara n'ọbá akwụkwọ echi.,Igbo,AI-generated synthetic data
1592,Ha na-amụ ihe n'ọdụ ụgbọala n'oge.,Igbo,AI-generated synthetic data
1593,Wọ́n ra kọ̀ǹpútà ní kutukutu.,Yoruba,AI-generated synthetic data
1594,Nwanyị ahụ wetara nri n'ehihie.,Igbo,AI-generated synthetic data
1595,Ọ̀rẹ́ mi ra ẹran àná.,Yoruba,AI-generated synthetic data
1596,Àwọn ará wa ní tábìlì ní alẹ́.,Yoruba,AI-generated synthetic data
1597,"Yau, na tafi kasuwa da safe.",Hausa,AI-generated synthetic data
1598,Dan uwana yana bitar rahoton.,Hausa,AI-generated synthetic data
1599,Enyi m nwere mmiri n'isi ụtụtụ.,Igbo,AI-generated synthetic data
1600,The student is studying the network connection.,English,AI-generated synthetic data
1601,The doctor is reviewing a mobile application.,English,AI-generated synthetic data
1602,"Yayin taro, yaushe ya kamata in gabatar da takardar neman aiki?",Hausa,AI-generated synthetic data
1603,My brother is planning the report.,English,AI-generated synthetic data
1604,Injiniyan yana shirya kwamfutar.,Hausa,AI-generated synthetic data
1605,Nwoke ahụ wetara azụ n'abalị.,Igbo,AI-generated synthetic data
1606,O ń kọ́ ẹ̀kọ́ ní ọ́fíìsì ọ̀la.,Yoruba,AI-generated synthetic data
1607,Awa rí ọ̀gẹ̀dẹ̀ ọ̀la.,Yoruba,AI-generated synthetic data
1608,Nne wetara kọmputa n'ụtụtụ.,Igbo,AI-generated synthetic data
1609,Nwanne nwoke m na-eje ije n'ogige taa.,Igbo,AI-generated synthetic data
1610,Onye nkụzi ahụ na-eje ije n'chọọchị n'ehihie.,Igbo,AI-generated synthetic data
1611,Malamin yana tsara rahoton.,Hausa,AI-generated synthetic data
1612,Olùkọ́ náà lo kámẹ́rà ní kutukutu.,Yoruba,AI-generated synthetic data
1613,O ń ṣiṣẹ́ ní àgbègbè wa ọ̀la.,Yoruba,AI-generated synthetic data
1614,Ị chọrọ ọka na ngwụcha izu.,Igbo,AI-generated synthetic data
1615,Ị nọ n'ụlọ?,Igbo,AI-generated synthetic data
1616,Manajan yana shirya takardar bincike.,Hausa,AI-generated synthetic data
1617,Enyi m nọ n'ụlọ n'ehihie.,Igbo,AI-generated synthetic data
1618,Enyi m wetara ekwentị n'izu a.,Igbo,AI-generated synthetic data
1619,Mama ra ẹran ní ọ̀sẹ̀ yìí.,Yoruba,AI-generated synthetic data
1620,Àwọn ará wa ní àpò ọ̀la.,Yoruba,AI-generated synthetic data
1621,Nwanyị ahụ mere akwụkwọ n'izu a.,Igbo,AI-generated synthetic data
1622,Our community is planning the farm equipment.,English,AI-generated synthetic data
1623,Ha na-amụ ihe n'ogige ụnyaahụ.,Igbo,AI-generated synthetic data
1624,Our community is building the inventory list.,English,AI-generated synthetic data
1625,Our team is studying the patient record.,English,AI-generated synthetic data
1626,A teacher is planning the meeting notes.,English,AI-generated synthetic data
1627,A researcher is reviewing the network connection.,English,AI-generated synthetic data
1628,Dan uwana yana tsara kayan horo.,Hausa,AI-generated synthetic data
1629,Mai shirye-shiryen yana gina takardar bincike.,Hausa,AI-generated synthetic data
1630,The farmer is studying the school timetable.,English,AI-generated synthetic data
1631,Our community is repairing the network connection.,English,AI-generated synthetic data
1632,Likitan yana bitar bayanan mara lafiya.,Hausa,AI-generated synthetic data
1633,Enyi m na-eje ije n'ụlọ enyi m n'izu a.,Igbo,AI-generated synthetic data
1634,The student is preparing a mobile application.,English,AI-generated synthetic data
1635,Mai binciken yana tattauna takardar bincike.,Hausa,AI-generated synthetic data
1636,A teacher is learning the business plan.,English,AI-generated synthetic data
1637,Al'ummar yana tsara manhajar waya.,Hausa,AI-generated synthetic data
1638,Obìnrin náà ra kọ́kọ́rọ́ ní ìparí ọ̀sẹ̀.,Yoruba,AI-generated synthetic data
1639,Injiniyan yana karatu kayan horo.,Hausa,AI-generated synthetic data
1640,Direban yana shirya kwamfutar.,Hausa,AI-generated synthetic data
1641,Mama dé sí àgbègbè wa ọ̀la.,Yoruba,AI-generated synthetic data
1642,"In the morning, the teacher explained the lesson with a practical example.",English,AI-generated synthetic data
1643,Nna zụtara nri n'abalị.,Igbo,AI-generated synthetic data
1644,My brother is checking the patient record.,English,AI-generated synthetic data
1645,Onye agbata obi anyị mere uwe n'ụtụtụ.,Igbo,AI-generated synthetic data
1646,Àwọn ọmọ ra àpò àná.,Yoruba,AI-generated synthetic data
1647,Nwanne nwanyị m na-arụ ọrụ n'ogige n'ehihie.,Igbo,AI-generated synthetic data
1648,Dalibin yana tsara kayan horo.,Hausa,AI-generated synthetic data
1649,Ẹ káàárọ̀,Yoruba,AI-generated synthetic data
1650,Manajan yana tattauna jerin kaya.,Hausa,AI-generated synthetic data
1651,Nwa akwụkwọ ahụ zụtara akwụkwọ nri n'ehihie.,Igbo,AI-generated synthetic data
1652,Our community is discussing the report.,English,AI-generated synthetic data
1653,Direban yana bitar bayanan taro.,Hausa,AI-generated synthetic data
1654,Dan uwana yana gyara jadawalin isar da kaya.,Hausa,AI-generated synthetic data
1655,Ọ na-eje ije n'chọọchị na ngwụcha izu.,Igbo,AI-generated synthetic data
1656,Ị jiri igodo na ngwụcha izu.,Igbo,AI-generated synthetic data
1657,Ọ̀rẹ́ mi lọ sí ọ́fíìsì ní ọ̀sán.,Yoruba,AI-generated synthetic data
1658,Nna hụrụ oche ụnyaahụ.,Igbo,AI-generated synthetic data
1659,Nwanne nwoke m zụtara agwa n'ehihie.,Igbo,AI-generated synthetic data
1660,The doctor is checking the meeting notes.,English,AI-generated synthetic data
1661,"Bayan cin abinci, manomi ya shuka masara kafin lokacin damina ya fara.",Hausa,AI-generated synthetic data
1662,Our community is reviewing the meeting notes.,English,AI-generated synthetic data
1663,The doctor is studying the delivery schedule.,English,AI-generated synthetic data
1664,The nurse is studying the report.,English,AI-generated synthetic data
1665,Manomin yana bitar bayanan mara lafiya.,Hausa,AI-generated synthetic data
1666,Al'ummar yana shirya kayan horo.,Hausa,AI-generated synthetic data
1667,Onye agbata obi anyị nwere akwụkwọ nri n'abalị.,Igbo,AI-generated synthetic data
1668,Ọmọ náà wà ní mọ́sáláṣí ní òru.,Yoruba,AI-generated synthetic data
1669,Awa ń ṣiṣẹ́ ní àgbègbè wa ní kutukutu.,Yoruba,AI-generated synthetic data
1670,Ọmọ náà lọ sí pápá ní alẹ́.,Yoruba,AI-generated synthetic data
1671,Mo dé sí ọjà àná.,Yoruba,AI-generated synthetic data
1672,"A gida, don Allah ka sanar da ni idan ka shirya.",Hausa,AI-generated synthetic data
1673,Aládùúgbò wa lo ẹ̀fọ́ lónìí.,Yoruba,AI-generated synthetic data
1674,"Good morning, I hope you are doing well.",English,AI-generated synthetic data
1675,The farmer is checking a mobile application.,English,AI-generated synthetic data
1676,The developer is building the report.,English,AI-generated synthetic data
1677,Al'ummar yana gyara kayan horo.,Hausa,AI-generated synthetic data
1678,"Gobe, ya kamata mu tattauna batun kafin gobe.",Hausa,AI-generated synthetic data
1679,My friend is building a research proposal.,English,AI-generated synthetic data
1680,The student is organizing the delivery schedule.,English,AI-generated synthetic data
1681,Abokina yana tattauna kayan horo.,Hausa,AI-generated synthetic data
1682,Dọkịta ahụ na-arụ ọrụ n'ọbá akwụkwọ n'izu a.,Igbo,AI-generated synthetic data
1683,"During the meeting, i have not received the message yet.",English,AI-generated synthetic data
1684,Mai shirye-shiryen yana tsara jadawalin isar da kaya.,Hausa,AI-generated synthetic data
1685,M jiri azụ echi.,Igbo,AI-generated synthetic data
1686,Anyị hụrụ agwa n'ehihie.,Igbo,AI-generated synthetic data
1687,M jiri igodo n'isi ụtụtụ.,Igbo,AI-generated synthetic data
1688,Al'ummar yana tsara bayanan mara lafiya.,Hausa,AI-generated synthetic data
1689,"Yayin taro, mun isa lafiya bayan doguwar tafiya.",Hausa,AI-generated synthetic data
1690,Al'ummar yana koyon jerin kaya.,Hausa,AI-generated synthetic data
1691,Nwanne m jiri osikapa echi.,Igbo,AI-generated synthetic data
1692,Nwanne m na-aga n'ọfịs echi.,Igbo,AI-generated synthetic data
1693,"A wurin aiki, fasinjoji sun jira cikin hakuri a tashar mota.",Hausa,AI-generated synthetic data
1694,Onye nkụzi ahụ na-amụ ihe n'okporo ụzọ n'oge.,Igbo,AI-generated synthetic data
1695,Al'ummar yana bitar bayanan mara lafiya.,Hausa,AI-generated synthetic data
1696,Àwọn ará wa ní kọ́kọ́rọ́ ní ìparí ọ̀sẹ̀.,Yoruba,AI-generated synthetic data
1697,Arákùnrin mi ń ṣiṣẹ́ ní ọgbà àná.,Yoruba,AI-generated synthetic data
1698,"During the meeting, we tested the API before connecting it to the application.",English,AI-generated synthetic data
1699,Àwọn ọmọ lo oúnjẹ ní alẹ́.,Yoruba,AI-generated synthetic data
1700,The student is repairing the patient record.,English,AI-generated synthetic data
1701,"A gida, me ya jawo jinkirin?",Hausa,AI-generated synthetic data
1702,The student is reviewing a new project.,English,AI-generated synthetic data
1703,Nwa ahụ mere agwa na ngwụcha izu.,Igbo,AI-generated synthetic data
1704,Àwọn ọmọ mú oúnjẹ ní ọ̀sán.,Yoruba,AI-generated synthetic data
1705,Dan uwana yana karatu jerin kaya.,Hausa,AI-generated synthetic data
1706,Mai shirye-shiryen yana duba jadawalin isar da kaya.,Hausa,AI-generated synthetic data
1707,Ha zụtara nri n'ụtụtụ.,Igbo,AI-generated synthetic data
1708,Enyi m chọrọ igwefoto n'isi ụtụtụ.,Igbo,AI-generated synthetic data
1709,Enyi m hụrụ osikapa echi.,Igbo,AI-generated synthetic data
1710,Nwanne m nọ n'okporo ụzọ taa.,Igbo,AI-generated synthetic data
1711,Nwanyị ahụ zụtara mmiri n'abalị.,Igbo,AI-generated synthetic data
1712,Obìnrin náà mú ìwé ní ọ̀sẹ̀ yìí.,Yoruba,AI-generated synthetic data
1713,Nwa akwụkwọ ahụ hụrụ akwụkwọ nri taa.,Igbo,AI-generated synthetic data
1714,Ị hụrụ igodo taa.,Igbo,AI-generated synthetic data
1715,Ó ra ẹ̀wà ní kutukutu.,Yoruba,AI-generated synthetic data
1716,Àwọn ará wa ra àgbàdo ní kutukutu.,Yoruba,AI-generated synthetic data
1717,A researcher is building the inventory list.,English,AI-generated synthetic data
1718,Tawagar mu yana karatu takardar bincike.,Hausa,AI-generated synthetic data
1719,Nna mere agwa n'abalị.,Igbo,AI-generated synthetic data
1720,"During the meeting, the farmer planted maize before the rainy season began.",English,AI-generated synthetic data
1721,Onye agbata obi anyị nọ n'ọbá akwụkwọ n'izu a.,Igbo,AI-generated synthetic data
1722,Abokina yana duba kwamfutar.,Hausa,AI-generated synthetic data
1723,"A gida, barka da safiya, ina fatan kana cikin koshin lafiya.",Hausa,AI-generated synthetic data
1724,Ọ na-amụ ihe n'ụlọ akwụkwọ na ngwụcha izu.,Igbo,AI-generated synthetic data
1725,The developer is learning the network connection.,English,AI-generated synthetic data
1726,Aládùúgbò wa ṣe àkàrà ní òru.,Yoruba,AI-generated synthetic data
1727,Akẹ́kọ̀ọ́ náà ń rìn ní ilé ìwòsàn ní ọ̀sán.,Yoruba,AI-generated synthetic data
1728,Nna na-arụ ọrụ n'ọbá akwụkwọ n'abalị.,Igbo,AI-generated synthetic data
1729,"Yayin taro, don Allah ka duba bayanan kafin ka aika da fom.",Hausa,AI-generated synthetic data
1730,Mama ra oúnjẹ ní òru.,Yoruba,AI-generated synthetic data
1731,Injiniyan yana bitar rahoton.,Hausa,AI-generated synthetic data
1732,Ọmọ náà ní omi ní alẹ́.,Yoruba,AI-generated synthetic data
1733,"During the meeting, what caused the delay?",English,AI-generated synthetic data
1734,"At home, the report contains the results of the experiment.",English,AI-generated synthetic data
1735,Obìnrin náà wà ní ilé ẹ̀kọ́ ọ̀la.,Yoruba,AI-generated synthetic data
1736,Manajan yana gyara jadawalin makaranta.,Hausa,AI-generated synthetic data
1737,Our team is reviewing the inventory list.,English,AI-generated synthetic data
1738,The engineer is checking the inventory list.,English,AI-generated synthetic data
1739,Obìnrin náà ra tábìlì ní alẹ́.,Yoruba,AI-generated synthetic data
1740,The farmer is studying the patient record.,English,AI-generated synthetic data
1741,Malamin yana tattauna manhajar waya.,Hausa,AI-generated synthetic data
1742,Ọ nọ n'ụlọ ekpere n'ụtụtụ.,Igbo,AI-generated synthetic data
1743,The manager is studying the delivery schedule.,English,AI-generated synthetic data
1744,Mai shirye-shiryen yana gina bayanan mara lafiya.,Hausa,AI-generated synthetic data
1745,Onye nkụzi ahụ nwere igwefoto echi.,Igbo,AI-generated synthetic data
1746,Mai shirye-shiryen yana bitar bayanan mara lafiya.,Hausa,AI-generated synthetic data
1747,Ọkùnrin náà ṣe ìwé ní òru.,Yoruba,AI-generated synthetic data
1748,Arábìnrin mi ń ṣiṣẹ́ ní ilé ìtajà lónìí.,Yoruba,AI-generated synthetic data
1749,"Yayin taro, ya kamata mu tattauna batun kafin gobe.",Hausa,AI-generated synthetic data
1750,Our community is repairing the patient record.,English,AI-generated synthetic data
1751,Nwanyị ahụ na-aga n'ụlọ ahịa n'oge.,Igbo,AI-generated synthetic data
1752,Baba lọ sí àgbègbè wa lónìí.,Yoruba,AI-generated synthetic data
1753,Nwanne nwoke m bịara n'ụlọ akwụkwọ na ngwụcha izu.,Igbo,AI-generated synthetic data
1754,O dé sí pápá lónìí.,Yoruba,AI-generated synthetic data
1755,A teacher is planning the delivery schedule.,English,AI-generated synthetic data
1756,Abokina yana karatu manhajar waya.,Hausa,AI-generated synthetic data
1757,Ó mú kọ́kọ́rọ́ ní ìparí ọ̀sẹ̀.,Yoruba,AI-generated synthetic data
1758,Aládùúgbò wa ṣe ọ̀gẹ̀dẹ̀ ní òwúrọ̀.,Yoruba,AI-generated synthetic data
1759,Anyị jiri agwa n'ụtụtụ.,Igbo,AI-generated synthetic data
1760,"Gobe, me ya jawo jinkirin?",Hausa,AI-generated synthetic data
1761,"In the evening, the doctor advised the patient to drink more water.",English,AI-generated synthetic data
1762,Anyị nọ n'ogige taa.,Igbo,AI-generated synthetic data
1763,Anyị zụtara uwe n'ehihie.,Igbo,AI-generated synthetic data
1764,Mama lọ sí ibùdó ọkọ̀ ní òwúrọ̀.,Yoruba,AI-generated synthetic data
1765,Likitan yana karatu jadawalin makaranta.,Hausa,AI-generated synthetic data
1766,The farmer is discussing the school timetable.,English,AI-generated synthetic data
1767,Dọkịta ahụ mere uwe ụnyaahụ.,Igbo,AI-generated synthetic data
1768,Dan uwana yana bitar jadawalin isar da kaya.,Hausa,AI-generated synthetic data
1769,Ina zan sayi sabbin kayan lambu?,Hausa,AI-generated synthetic data
1770,A researcher is studying the school timetable.,English,AI-generated synthetic data
1771,Nwanne m mere kọmputa n'isi ụtụtụ.,Igbo,AI-generated synthetic data
1772,The nurse is building a new project.,English,AI-generated synthetic data
1773,Ó ra àga lónìí.,Yoruba,AI-generated synthetic data
1774,Nwoke ahụ na-aga n'ọdụ ụgbọala ụnyaahụ.,Igbo,AI-generated synthetic data
1775,Nwanne nwanyị m na-aga n'ahịa na ngwụcha izu.,Igbo,AI-generated synthetic data
1776,Ị hụrụ unere na ngwụcha izu.,Igbo,AI-generated synthetic data
1777,Akẹ́kọ̀ọ́ náà wà ní ibùdó ọkọ̀ ní òwúrọ̀.,Yoruba,AI-generated synthetic data
1778,Tawagar mu yana koyon manhajar waya.,Hausa,AI-generated synthetic data
1779,A researcher is planning the training materials.,English,AI-generated synthetic data
1780,Direban yana bitar takardar bincike.,Hausa,AI-generated synthetic data
1781,Nwanne nwoke m na-arụ ọrụ n'ụlọ ọgwụ echi.,Igbo,AI-generated synthetic data
1782,Nwanne m na-arụ ọrụ n'ụlọ enyi m n'abalị.,Igbo,AI-generated synthetic data
1783,Ọkùnrin náà lo ẹ̀fọ́ àná.,Yoruba,AI-generated synthetic data
1784,O ní àpò ní ọ̀sán.,Yoruba,AI-generated synthetic data
1785,Arábìnrin mi mú àkàrà ọ̀la.,Yoruba,AI-generated synthetic data
1786,"During the meeting, the children are playing outside the house.",English,AI-generated synthetic data
1787,Ha mere ọka n'isi ụtụtụ.,Igbo,AI-generated synthetic data
1788,Direban yana shirya bayanan mara lafiya.,Hausa,AI-generated synthetic data
1789,Nwoke ahụ bịara n'okporo ụzọ na ngwụcha izu.,Igbo,AI-generated synthetic data
1790,Nwanne nwanyị m nwere igwefoto na ngwụcha izu.,Igbo,AI-generated synthetic data
1791,The farmer is checking the patient record.,English,AI-generated synthetic data
1792,Awa ní ẹ̀wà ní òru.,Yoruba,AI-generated synthetic data
1793,Malamin yana shirya jadawalin makaranta.,Hausa,AI-generated synthetic data
1794,Dọkịta ahụ nwere azụ n'oge.,Igbo,AI-generated synthetic data
1795,Nwanne nwanyị m zụtara akwụkwọ n'isi ụtụtụ.,Igbo,AI-generated synthetic data
1796,"Da rana, ma'aikata sun kammala girka kayan kafin faduwar rana.",Hausa,AI-generated synthetic data
1797,Obìnrin náà lọ sí àgbègbè wa ní òwúrọ̀.,Yoruba,AI-generated synthetic data
1798,Awa lọ sí àgbègbè wa ní òwúrọ̀.,Yoruba,AI-generated synthetic data
1799,Abokina yana gina kayan horo.,Hausa,AI-generated synthetic data
1800,The developer is organizing a new project.,English,AI-generated synthetic data
1801,"After lunch, the database contains records from several locations.",English,AI-generated synthetic data
1802,Nwanne nwoke m na-aga n'ụlọ akwụkwọ n'ụtụtụ.,Igbo,AI-generated synthetic data
1803,M bịara n'ahịa na ngwụcha izu.,Igbo,AI-generated synthetic data
1804,Mo lọ sí ilé ọ̀rẹ́ mi ní alẹ́.,Yoruba,AI-generated synthetic data
1805,Mama ń ṣiṣẹ́ ní ilé ìtajà ní òru.,Yoruba,AI-generated synthetic data
1806,Obìnrin náà ní tábìlì àná.,Yoruba,AI-generated synthetic data
1807,"Bayan cin abinci, an matsar da taron zuwa ranar Juma'a.",Hausa,AI-generated synthetic data
1808,Nne chọrọ ekwentị ụnyaahụ.,Igbo,AI-generated synthetic data
1809,"Yayin taro, zan kira ka idan na isa.",Hausa,AI-generated synthetic data
1810,Dan uwana yana gina shirin kasuwanci.,Hausa,AI-generated synthetic data
1811,The driver is organizing the training materials.,English,AI-generated synthetic data
1812,Our community is planning the school timetable.,English,AI-generated synthetic data
1813,Obìnrin náà lo oúnjẹ ní òwúrọ̀.,Yoruba,AI-generated synthetic data
1814,Nwa ahụ na-arụ ọrụ n'ụlọ n'ehihie.,Igbo,AI-generated synthetic data
1815,Dókítà náà ní ẹja ní ọ̀sán.,Yoruba,AI-generated synthetic data
1816,A researcher is learning the patient record.,English,AI-generated synthetic data
1817,Baba mú àga ní ọ̀sẹ̀ yìí.,Yoruba,AI-generated synthetic data
1818,Ọkùnrin náà dé sí ilé lónìí.,Yoruba,AI-generated synthetic data
1819,Likitan yana tsara kwamfutar.,Hausa,AI-generated synthetic data
1820,Nwanne nwoke m na-eje ije n'ụlọ n'oge.,Igbo,AI-generated synthetic data
1821,Nwanne nwanyị m nọ n'ụlọ akwụkwọ n'ụtụtụ.,Igbo,AI-generated synthetic data
1822,Akẹ́kọ̀ọ́ náà ń ṣiṣẹ́ ní ọgbà ẹ̀kọ́ ní ọ̀sẹ̀ yìí.,Yoruba,AI-generated synthetic data
1823,Aládùúgbò wa lo kámẹ́rà àná.,Yoruba,AI-generated synthetic data
1824,Nwanne nwoke m bịara n'ụlọ ekpere n'ụtụtụ.,Igbo,AI-generated synthetic data
1825,"Gobe, taron ya dauki lokaci fiye da yadda aka zata.",Hausa,AI-generated synthetic data
1826,Ọ hụrụ unere taa.,Igbo,AI-generated synthetic data
1827,The farmer is checking the network connection.,English,AI-generated synthetic data
1828,Nwanne m zụtara igwefoto taa.,Igbo,AI-generated synthetic data
1829,Dọkịta ahụ na-eje ije n'ogige n'oge.,Igbo,AI-generated synthetic data
1830,Injiniyan yana bitar manhajar waya.,Hausa,AI-generated synthetic data
1831,Our team is learning the meeting notes.,English,AI-generated synthetic data
1832,Nwanne nwoke m na-amụ ihe n'chọọchị n'ehihie.,Igbo,AI-generated synthetic data
1833,Nwa akwụkwọ ahụ mere igwefoto n'isi ụtụtụ.,Igbo,AI-generated synthetic data
1834,Likitan yana shirya kwamfutar.,Hausa,AI-generated synthetic data
1835,Onye agbata obi anyị na-amụ ihe n'ọbá akwụkwọ n'izu a.,Igbo,AI-generated synthetic data
1836,My friend is preparing the farm equipment.,English,AI-generated synthetic data
1837,Ọ chọrọ oche na ngwụcha izu.,Igbo,AI-generated synthetic data
1838,Akẹ́kọ̀ọ́ náà ṣe àkàrà ní òwúrọ̀.,Yoruba,AI-generated synthetic data
1839,Nwanne nwoke m bịara n'ọdụ ụgbọala taa.,Igbo,AI-generated synthetic data
1840,Mo ń kọ́ ẹ̀kọ́ ní ọgbà lónìí.,Yoruba,AI-generated synthetic data
1841,Baba dé sí ọgbà ní alẹ́.,Yoruba,AI-generated synthetic data
1842,The driver is learning the school timetable.,English,AI-generated synthetic data
1843,Please remember to charge your phone.,English,AI-generated synthetic data
1844,Olùkọ́ náà dé sí ọgbà ẹ̀kọ́ ní ìparí ọ̀sẹ̀.,Yoruba,AI-generated synthetic data
1845,Mama rí oúnjẹ àná.,Yoruba,AI-generated synthetic data
1846,"Yau, ruwan sama ya fara bayan mun tafi.",Hausa,AI-generated synthetic data
1847,Mai shirye-shiryen yana gyara kwamfutar.,Hausa,AI-generated synthetic data
1848,Tawagar mu yana duba shirin kasuwanci.,Hausa,AI-generated synthetic data
1849,The driver is reviewing the business plan.,English,AI-generated synthetic data
1850,Our community is checking the farm equipment.,English,AI-generated synthetic data
1851,"During the meeting, i forgot my umbrella at home.",English,AI-generated synthetic data
1852,Mai binciken yana gina bayanan mara lafiya.,Hausa,AI-generated synthetic data
1853,Direban yana duba bayanan taro.,Hausa,AI-generated synthetic data
1854,Nna nọ n'ụlọ na ngwụcha izu.,Igbo,AI-generated synthetic data
1855,Dọkịta ahụ nọ n'ụlọ ahịa n'abalị.,Igbo,AI-generated synthetic data
1856,Anyị jiri ọka n'isi ụtụtụ.,Igbo,AI-generated synthetic data
1857,Nwanne nwoke m bịara n'ụlọ ọgwụ n'oge.,Igbo,AI-generated synthetic data
1858,Akẹ́kọ̀ọ́ náà fẹ́ ìwé ní ọ̀sẹ̀ yìí.,Yoruba,AI-generated synthetic data
1859,Onye nkụzi ahụ nọ n'ụlọ ọgwụ echi.,Igbo,AI-generated synthetic data
1860,Ẹyin dé sí ibùdó ọkọ̀ lónìí.,Yoruba,AI-generated synthetic data
1861,"In the morning, what caused the delay?",English,AI-generated synthetic data
1862,Ọ̀rẹ́ mi lo fóònù ọ̀la.,Yoruba,AI-generated synthetic data
1863,Direban yana tsara jadawalin makaranta.,Hausa,AI-generated synthetic data
1864,Ọ nwere unere echi.,Igbo,AI-generated synthetic data
1865,Ị na-aga n'ọfịs n'isi ụtụtụ.,Igbo,AI-generated synthetic data
1866,M zụtara unere echi.,Igbo,AI-generated synthetic data
1867,"A gida, ma'aikacin hanyar sadarwa ya duba na'urar router.",Hausa,AI-generated synthetic data
1868,Dókítà náà ń ṣiṣẹ́ ní mọ́sáláṣí ní ọ̀sán.,Yoruba,AI-generated synthetic data
1869,Dọkịta ahụ wetara igwefoto taa.,Igbo,AI-generated synthetic data
1870,My friend is preparing the business plan.,English,AI-generated synthetic data
1871,Baba ra fóònù àná.,Yoruba,AI-generated synthetic data
1872,Ụmụaka ahụ zụtara unere n'izu a.,Igbo,AI-generated synthetic data
1873,The manager is building the report.,English,AI-generated synthetic data
1874,Akẹ́kọ̀ọ́ náà mú ẹran ọ̀la.,Yoruba,AI-generated synthetic data
1875,Baba wà ní ilé ẹ̀kọ́ ní ìparí ọ̀sẹ̀.,Yoruba,AI-generated synthetic data
1876,Ọmọ náà rí omi ní ọ̀sán.,Yoruba,AI-generated synthetic data
1877,"In the evening, what caused the delay?",English,AI-generated synthetic data
1878,Likitan yana karatu bayanan mara lafiya.,Hausa,AI-generated synthetic data
1879,"After lunch, the doctor advised the patient to drink more water.",English,AI-generated synthetic data
1880,Our community is discussing the business plan.,English,AI-generated synthetic data
1881,Our community is planning the business plan.,English,AI-generated synthetic data
1882,Ọmọ náà ń rìn ní ibùdó ọkọ̀ àná.,Yoruba,AI-generated synthetic data
1883,The doctor is preparing the school timetable.,English,AI-generated synthetic data
1884,M wetara igodo n'abalị.,Igbo,AI-generated synthetic data
1885,My friend is preparing a new project.,English,AI-generated synthetic data
1886,Obìnrin náà rí oúnjẹ ní alẹ́.,Yoruba,AI-generated synthetic data
1887,My sister bought a new pair of shoes.,English,AI-generated synthetic data
1888,Nwa akwụkwọ ahụ na-amụ ihe n'ọdụ ụgbọala taa.,Igbo,AI-generated synthetic data
1889,The doctor is organizing the delivery schedule.,English,AI-generated synthetic data
1890,Baba lo ẹ̀fọ́ ní alẹ́.,Yoruba,AI-generated synthetic data
1891,Ị na-eje ije n'ogige n'ehihie.,Igbo,AI-generated synthetic data
1892,Ma'aikaciyar jinya yana karatu jadawalin isar da kaya.,Hausa,AI-generated synthetic data
1893,My friend is repairing the delivery schedule.,English,AI-generated synthetic data
1894,Ụmụaka ahụ na-eje ije n'ahịa na ngwụcha izu.,Igbo,AI-generated synthetic data
1895,"In the morning, i have not received the message yet.",English,AI-generated synthetic data
1896,Al'ummar yana gyara samfurin koyon na'ura.,Hausa,AI-generated synthetic data
1897,M na-eje ije n'ọdụ ụgbọala na ngwụcha izu.,Igbo,AI-generated synthetic data
1898,"Today, the family prepared food for their guests.",English,AI-generated synthetic data
1899,"Da yamma, ya kamata mu tattauna batun kafin gobe.",Hausa,AI-generated synthetic data
1900,Direban yana bitar jadawalin makaranta.,Hausa,AI-generated synthetic data
1901,Injiniyan yana shirya kayan horo.,Hausa,AI-generated synthetic data
1902,Manajan yana duba kayan horo.,Hausa,AI-generated synthetic data
1903,Nwanne m jiri mmiri n'abalị.,Igbo,AI-generated synthetic data
1904,"Tomorrow, the training data should represent all four languages.",English,AI-generated synthetic data
1905,A teacher is discussing the inventory list.,English,AI-generated synthetic data
1906,A researcher is discussing a research proposal.,English,AI-generated synthetic data
1907,Àwọn ọmọ wà ní ilé ìwé ọ̀la.,Yoruba,AI-generated synthetic data
1908,A researcher is planning the school timetable.,English,AI-generated synthetic data
1909,Dalibin yana tattauna sabon aiki.,Hausa,AI-generated synthetic data
1910,"At home, what caused the delay?",English,AI-generated synthetic data
1911,Onye nkụzi ahụ jiri anụ n'ụtụtụ.,Igbo,AI-generated synthetic data
1912,Anyị hụrụ unere echi.,Igbo,AI-generated synthetic data
1913,Injiniyan yana koyon bayanan mara lafiya.,Hausa,AI-generated synthetic data
1914,Mo dúpẹ́,Yoruba,AI-generated synthetic data
1915,Our team is discussing the computer.,English,AI-generated synthetic data
1916,Injiniyan yana gyara jadawalin makaranta.,Hausa,AI-generated synthetic data
1917,Àwọn ọmọ lo tábìlì ọ̀la.,Yoruba,AI-generated synthetic data
1918,Ó ra aṣọ ní òwúrọ̀.,Yoruba,AI-generated synthetic data
1919,Likitan yana shirya jadawalin isar da kaya.,Hausa,AI-generated synthetic data
1920,Al'ummar yana karatu samfurin koyon na'ura.,Hausa,AI-generated synthetic data
1921,Arábìnrin mi fẹ́ bàtà ní òwúrọ̀.,Yoruba,AI-generated synthetic data
1922,Our team is discussing a new project.,English,AI-generated synthetic data
1923,The doctor is building the farm equipment.,English,AI-generated synthetic data
1924,Mama rí kọ̀ǹpútà ní òru.,Yoruba,AI-generated synthetic data
1925,Nne na-aga n'ụlọ ahịa echi.,Igbo,AI-generated synthetic data
1926,Direban yana tsara jadawalin isar da kaya.,Hausa,AI-generated synthetic data
1927,A researcher is reviewing a research proposal.,English,AI-generated synthetic data
1928,"Da safe, don Allah ka ajiye kayan aikin a wuri mai aminci.",Hausa,AI-generated synthetic data
1929,O lọ sí ọgbà ọ̀la.,Yoruba,AI-generated synthetic data
1930,Ọkùnrin náà lo ìwé ní ọ̀sẹ̀ yìí.,Yoruba,AI-generated synthetic data
1931,"Da rana, tawagar ta yi amfani da Python wajen nazarin bayanai.",Hausa,AI-generated synthetic data
1932,The developer is repairing the patient record.,English,AI-generated synthetic data
1933,Dókítà náà lọ sí ọjà ní ọ̀sẹ̀ yìí.,Yoruba,AI-generated synthetic data
1934,Ó lo kọ́kọ́rọ́ lónìí.,Yoruba,AI-generated synthetic data
1935,Wọ́n ra oúnjẹ ní òwúrọ̀.,Yoruba,AI-generated synthetic data
1936,O wà ní pápá ní alẹ́.,Yoruba,AI-generated synthetic data
1937,"Jiya, za mu iya duba rahoton yau?",Hausa,AI-generated synthetic data
1938,Al'ummar yana shirya takardar bincike.,Hausa,AI-generated synthetic data
1939,Aládùúgbò wa ń rìn ní ilé ìwé ní òru.,Yoruba,AI-generated synthetic data
1940,Nwanne nwoke m na-aga n'ọgbọ egwuregwu n'isi ụtụtụ.,Igbo,AI-generated synthetic data
1941,Manomin yana gina hanyar sadarwa.,Hausa,AI-generated synthetic data
1942,"Today, the food at the restaurant was delicious.",English,AI-generated synthetic data
1943,Nwanne nwanyị m nwere ji n'abalị.,Igbo,AI-generated synthetic data
1944,Our community is learning the meeting notes.,English,AI-generated synthetic data
1945,The driver is building the farm equipment.,English,AI-generated synthetic data
1946,Nwoke ahụ nwere igodo n'abalị.,Igbo,AI-generated synthetic data
1947,Onye agbata obi anyị chọrọ igodo n'abalị.,Igbo,AI-generated synthetic data
1948,Onye nkụzi ahụ bịara n'ogige taa.,Igbo,AI-generated synthetic data
1949,Wọ́n ṣe bàtà ní alẹ́.,Yoruba,AI-generated synthetic data
1950,Ma'aikaciyar jinya yana shirya bayanan mara lafiya.,Hausa,AI-generated synthetic data
1951,Olùkọ́ náà rí kámẹ́rà ní ìparí ọ̀sẹ̀.,Yoruba,AI-generated synthetic data
1952,Àwọn ará wa rí àpò ní ọ̀sẹ̀ yìí.,Yoruba,AI-generated synthetic data
1953,Manomin yana tsara sabon aiki.,Hausa,AI-generated synthetic data
1954,"Today, the developer created a simple interface for the users.",English,AI-generated synthetic data
1955,Likitan yana tsara rahoton.,Hausa,AI-generated synthetic data
1956,Ó wà ní ilé ní òru.,Yoruba,AI-generated synthetic data
1957,Abokina yana shirya bayanan taro.,Hausa,AI-generated synthetic data
1958,Anyị na-eje ije n'ụlọ ekpere n'ụtụtụ.,Igbo,AI-generated synthetic data
1959,Dan uwana yana tattauna hanyar sadarwa.,Hausa,AI-generated synthetic data
1960,Nwanyị ahụ chọrọ mmiri n'ehihie.,Igbo,AI-generated synthetic data
1961,"At home, the meeting was longer than expected.",English,AI-generated synthetic data
1962,The engineer is repairing a mobile application.,English,AI-generated synthetic data
1963,Mama ní ẹran ní òru.,Yoruba,AI-generated synthetic data
1964,Ma'aikaciyar jinya yana duba jadawalin isar da kaya.,Hausa,AI-generated synthetic data
1965,Àwọn ará wa fẹ́ àpò àná.,Yoruba,AI-generated synthetic data
1966,Mo fẹ́ àpò ní ọ̀sán.,Yoruba,AI-generated synthetic data
1967,Ṣé o lè ràn mí lọ́wọ́?,Yoruba,AI-generated synthetic data
1968,"Tomorrow, the network administrator checked the router.",English,AI-generated synthetic data
1969,Olùkọ́ náà wà ní ọgbà ẹ̀kọ́ ní ọ̀sán.,Yoruba,AI-generated synthetic data
1970,Direban yana duba manhajar waya.,Hausa,AI-generated synthetic data
1971,Nwa akwụkwọ ahụ na-eje ije n'ụlọ akwụkwọ n'ehihie.,Igbo,AI-generated synthetic data
1972,My friend is studying the school timetable.,English,AI-generated synthetic data
1973,Our community is reviewing a mobile application.,English,AI-generated synthetic data
1974,O ń rìn ní òpópónà ní òwúrọ̀.,Yoruba,AI-generated synthetic data
1975,"Da rana, dan kasuwa ya rubuta kowace ciniki a cikin littafi.",Hausa,AI-generated synthetic data
1976,Wọ́n ń kọ́ ẹ̀kọ́ ní ilé àná.,Yoruba,AI-generated synthetic data
1977,"At home, the driver waited for passengers near the bus station.",English,AI-generated synthetic data
1978,Dọkịta ahụ mere igwefoto n'izu a.,Igbo,AI-generated synthetic data
1979,Nwanne m mere tebụl n'ehihie.,Igbo,AI-generated synthetic data
1980,Mama mú àga ọ̀la.,Yoruba,AI-generated synthetic data
1981,"A gida, likita ya shawarci mara lafiya ya kara shan ruwa.",Hausa,AI-generated synthetic data
1982,Nwanne m mere mmiri ụnyaahụ.,Igbo,AI-generated synthetic data
1983,Nna na-aga n'ọdụ ụgbọala n'oge.,Igbo,AI-generated synthetic data
1984,The nurse is organizing the meeting notes.,English,AI-generated synthetic data
1985,Ụmụaka ahụ chọrọ ọka n'abalị.,Igbo,AI-generated synthetic data
1986,Abokina yana gyara rahoton.,Hausa,AI-generated synthetic data
1987,Nwa akwụkwọ ahụ chọrọ akwụkwọ nri n'ụtụtụ.,Igbo,AI-generated synthetic data
1988,Àwọn ará wa rí tábìlì ní ọ̀sán.,Yoruba,AI-generated synthetic data
1989,Ó dé sí ọgbà ọ̀la.,Yoruba,AI-generated synthetic data
1990,A researcher is studying the business plan.,English,AI-generated synthetic data
1991,Anyị chọrọ agwa n'isi ụtụtụ.,Igbo,AI-generated synthetic data
1992,The network administrator checked the router.,English,AI-generated synthetic data
1993,"At work, the manager asked everyone to attend the briefing.",English,AI-generated synthetic data
1994,Àwọn ọmọ ń rìn ní ilé ẹ̀kọ́ ní ọ̀sẹ̀ yìí.,Yoruba,AI-generated synthetic data
1995,Ẹyin wà ní ọjà àná.,Yoruba,AI-generated synthetic data
1996,"Today, i will visit my friend tomorrow.",English,AI-generated synthetic data
1997,Our team is reviewing the training materials.,English,AI-generated synthetic data
1998,The developer is checking the training materials.,English,AI-generated synthetic data
1999,"Tomorrow, i will visit my friend tomorrow.",English,AI-generated synthetic data
2000,Mai binciken yana karatu sabon aiki.,Hausa,AI-generated synthetic data
2001,Ọ̀rẹ́ mi rí ẹran ní ìparí ọ̀sẹ̀.,Yoruba,AI-generated synthetic data
2002,Direban yana tsara shirin kasuwanci.,Hausa,AI-generated synthetic data
2003,Likitan yana gina jadawalin makaranta.,Hausa,AI-generated synthetic data
2004,"Yau, na yi farin cikin jin cewa komai ya tafi lafiya.",Hausa,AI-generated synthetic data
2005,My friend is reviewing the business plan.,English,AI-generated synthetic data
2006,Unu na-eje ije n'ụlọ n'oge.,Igbo,AI-generated synthetic data
2007,My brother is learning a new project.,English,AI-generated synthetic data
2008,Injiniyan yana bitar hanyar sadarwa.,Hausa,AI-generated synthetic data
2009,Onye nkụzi ahụ bịara n'ụlọ ahịa n'ehihie.,Igbo,AI-generated synthetic data
2010,The nurse is checking a research proposal.,English,AI-generated synthetic data
2011,Akẹ́kọ̀ọ́ náà rí kámẹ́rà lónìí.,Yoruba,AI-generated synthetic data
2012,Nwanyị ahụ mere nri ụnyaahụ.,Igbo,AI-generated synthetic data
2013,Dọkịta ahụ na-aga n'ụlọ ahịa taa.,Igbo,AI-generated synthetic data
2014,Dan uwana yana koyon bayanan taro.,Hausa,AI-generated synthetic data
2015,Mai binciken yana shirya bayanan mara lafiya.,Hausa,AI-generated synthetic data
2016,Nwa akwụkwọ ahụ na-aga n'ọdụ ụgbọala n'oge.,Igbo,AI-generated synthetic data
2017,Ị chọrọ ji n'ehihie.,Igbo,AI-generated synthetic data
2018,"A gida, malami ya bayyana darasin da misali na aikace-aikace.",Hausa,AI-generated synthetic data
2019,Abokina yana koyon bayanan mara lafiya.,Hausa,AI-generated synthetic data
2020,M na-eje ije n'ụlọ akwụkwọ ụnyaahụ.,Igbo,AI-generated synthetic data
2021,Likitan yana karatu kwamfutar.,Hausa,AI-generated synthetic data
2022,"A wurin aiki, mai kirkirar manhaja ya tsara hanya mai sauki ga masu amfani.",Hausa,AI-generated synthetic data
2023,Àwọn ọmọ wà ní ilé ìwòsàn ní alẹ́.,Yoruba,AI-generated synthetic data
2024,Ụmụaka ahụ na-aga n'ọbá akwụkwọ echi.,Igbo,AI-generated synthetic data
2025,Al'ummar yana koyon kayan aikin gona.,Hausa,AI-generated synthetic data
2026,Arákùnrin mi wà ní ilé ọ̀rẹ́ mi ní ìparí ọ̀sẹ̀.,Yoruba,AI-generated synthetic data
2027,Àwọn ará wa ń kọ́ ẹ̀kọ́ ní mọ́sáláṣí ní ìparí ọ̀sẹ̀.,Yoruba,AI-generated synthetic data
2028,Wọ́n ṣe ẹ̀wà ní òwúrọ̀.,Yoruba,AI-generated synthetic data
2029,Manajan yana tattauna jadawalin makaranta.,Hausa,AI-generated synthetic data
2030,Ma'aikaciyar jinya yana tsara kayan aikin gona.,Hausa,AI-generated synthetic data
2031,Onye nkụzi ahụ nọ n'ọbá akwụkwọ n'ụtụtụ.,Igbo,AI-generated synthetic data
2032,Ụmụaka ahụ na-amụ ihe n'ọdụ ụgbọala na ngwụcha izu.,Igbo,AI-generated synthetic data
2033,Abokina yana shirya jadawalin isar da kaya.,Hausa,AI-generated synthetic data
2034,Anyị nwere agwa n'oge.,Igbo,AI-generated synthetic data
2035,"Tomorrow, my sister bought a new pair of shoes.",English,AI-generated synthetic data
2036,Nwoke ahụ mere nri echi.,Igbo,AI-generated synthetic data
2037,Ó ń kọ́ ẹ̀kọ́ ní ibùdó ọkọ̀ ní ìparí ọ̀sẹ̀.,Yoruba,AI-generated synthetic data
2038,My brother is checking the report.,English,AI-generated synthetic data
2039,Abokina yana shirya hanyar sadarwa.,Hausa,AI-generated synthetic data
2040,"In the evening, the algorithm performed better after the data was cleaned.",English,AI-generated synthetic data
2041,Onye agbata obi anyị na-aga n'ụlọ ụnyaahụ.,Igbo,AI-generated synthetic data
2042,Likitan yana gyara kwamfutar.,Hausa,AI-generated synthetic data
2043,Ọ wetara akpa echi.,Igbo,AI-generated synthetic data
2044,Onye agbata obi anyị zụtara akpa n'izu a.,Igbo,AI-generated synthetic data
2045,Aládùúgbò wa lo ìwé ní kutukutu.,Yoruba,AI-generated synthetic data
2046,Manajan yana koyon rahoton.,Hausa,AI-generated synthetic data
2047,Our community is planning the patient record.,English,AI-generated synthetic data
2048,Wọ́n ní àga àná.,Yoruba,AI-generated synthetic data
2049,Ha mere unere taa.,Igbo,AI-generated synthetic data
2050,Ụmụaka ahụ bịara n'ogige na ngwụcha izu.,Igbo,AI-generated synthetic data
2051,Abokina yana gina kwamfutar.,Hausa,AI-generated synthetic data
2052,Baba wà ní òpópónà ní òwúrọ̀.,Yoruba,AI-generated synthetic data
2053,"Jiya, dalibi ya aro littafi daga dakin karatu.",Hausa,AI-generated synthetic data
2054,Dalibin yana karatu bayanan taro.,Hausa,AI-generated synthetic data
2055,"Tomorrow, the family prepared food for their guests.",English,AI-generated synthetic data
2056,Ị mere osikapa n'ụtụtụ.,Igbo,AI-generated synthetic data
2057,Nwanne nwoke m na-arụ ọrụ n'okporo ụzọ n'oge.,Igbo,AI-generated synthetic data
2058,Arábìnrin mi ṣe omi ní ọ̀sán.,Yoruba,AI-generated synthetic data
2059,Mai binciken yana koyon kwamfutar.,Hausa,AI-generated synthetic data
2060,"Da rana, zan kira ka idan na isa.",Hausa,AI-generated synthetic data
2061,The engineer is repairing the inventory list.,English,AI-generated synthetic data
2062,Ma'aikaciyar jinya yana shirya shirin kasuwanci.,Hausa,AI-generated synthetic data
2063,"Jiya, mai bincike ya tattara amsoshi daga mahalarta da dama.",Hausa,AI-generated synthetic data
2064,"At home, which road leads to the market?",English,AI-generated synthetic data
2065,Aládùúgbò wa ń rìn ní ọgbà lónìí.,Yoruba,AI-generated synthetic data
2066,Enyi m wetara tebụl n'ehihie.,Igbo,AI-generated synthetic data
2067,Nna na-amụ ihe n'ọgbọ egwuregwu n'ụtụtụ.,Igbo,AI-generated synthetic data
2068,Mo ń ṣiṣẹ́ ní ilé ìtajà ní kutukutu.,Yoruba,AI-generated synthetic data
2069,Dókítà náà mú kámẹ́rà ní ọ̀sẹ̀ yìí.,Yoruba,AI-generated synthetic data
2070,The manager is planning a mobile application.,English,AI-generated synthetic data
2071,"In the afternoon, the model classifies short text into different languages.",English,AI-generated synthetic data
2072,Injiniyan yana duba kayan aikin gona.,Hausa,AI-generated synthetic data
2073,Ẹyin ń kọ́ ẹ̀kọ́ ní ọjà lónìí.,Yoruba,AI-generated synthetic data
2074,Direban yana duba rahoton.,Hausa,AI-generated synthetic data
2075,Direban yana duba jadawalin makaranta.,Hausa,AI-generated synthetic data
2076,Malamin yana koyon takardar bincike.,Hausa,AI-generated synthetic data
2077,Arákùnrin mi lo fóònù àná.,Yoruba,AI-generated synthetic data
2078,Malamin yana gina kwamfutar.,Hausa,AI-generated synthetic data
2079,Unu mere unere n'izu a.,Igbo,AI-generated synthetic data
2080,Mai shirye-shiryen yana tattauna jadawalin isar da kaya.,Hausa,AI-generated synthetic data
2081,Our community is learning the report.,English,AI-generated synthetic data
2082,Ọ na-arụ ọrụ n'ụlọ n'oge.,Igbo,AI-generated synthetic data
2083,Ma'aikaciyar jinya yana duba shirin kasuwanci.,Hausa,AI-generated synthetic data
2084,Abokina yana shirya bayanan mara lafiya.,Hausa,AI-generated synthetic data
2085,Awa mú àgbàdo ní òru.,Yoruba,AI-generated synthetic data
2086,Mo wà ní ọgbà ọ̀la.,Yoruba,AI-generated synthetic data
2087,Ina son kara koyon bayani game da wannan kwas.,Hausa,AI-generated synthetic data
2088,"Jiya, iyali sun shirya abinci domin baki.",Hausa,AI-generated synthetic data
2089,The farmer is checking the business plan.,English,AI-generated synthetic data
2090,Níbo ni ọjà wà?,Yoruba,AI-generated synthetic data
2091,Malamin yana karatu sabon aiki.,Hausa,AI-generated synthetic data
2092,"Yesterday, we should leave early to avoid traffic.",English,AI-generated synthetic data
2093,Nwanyị ahụ nwere akpa n'izu a.,Igbo,AI-generated synthetic data
2094,Olùkọ́ náà mú àkàrà ní òwúrọ̀.,Yoruba,AI-generated synthetic data
2095,"Today, i will call you when I arrive.",English,AI-generated synthetic data
2096,"At work, please remember to charge your phone.",English,AI-generated synthetic data
2097,Mai shirye-shiryen yana karatu sabon aiki.,Hausa,AI-generated synthetic data
2098,"In the morning, the dashboard displays the latest inventory figures.",English,AI-generated synthetic data
2099,Malamin yana tsara kayan aikin gona.,Hausa,AI-generated synthetic data
2100,Nne wetara agwa na ngwụcha izu.,Igbo,AI-generated synthetic data
2101,Tawagar mu yana tsara takardar bincike.,Hausa,AI-generated synthetic data
2102,M na-amụ ihe n'ụlọ taa.,Igbo,AI-generated synthetic data
2103,Nwanne nwanyị m jiri anụ taa.,Igbo,AI-generated synthetic data
2104,Manajan yana tattauna kwamfutar.,Hausa,AI-generated synthetic data
2105,Arábìnrin mi ń ṣiṣẹ́ ní ọ́fíìsì ní ọ̀sán.,Yoruba,AI-generated synthetic data
2106,Dan uwana yana shirya bayanan mara lafiya.,Hausa,AI-generated synthetic data
2107,Obìnrin náà rí ẹja ní ìparí ọ̀sẹ̀.,Yoruba,AI-generated synthetic data
2108,Nwanyị ahụ hụrụ nri n'oge.,Igbo,AI-generated synthetic data
2109,Dókítà náà fẹ́ ẹja ní òru.,Yoruba,AI-generated synthetic data
2110,Onye agbata obi anyị bịara n'ụlọ ahịa taa.,Igbo,AI-generated synthetic data
2111,Àwọn ọmọ ń rìn ní mọ́sáláṣí àná.,Yoruba,AI-generated synthetic data
2112,"Da safe, manomi ya shuka masara kafin lokacin damina ya fara.",Hausa,AI-generated synthetic data
2113,Our community is building the patient record.,English,AI-generated synthetic data
2114,Baba ń kọ́ ẹ̀kọ́ ní ilé ẹ̀kọ́ ní òru.,Yoruba,AI-generated synthetic data
2115,Dókítà náà ń ṣiṣẹ́ ní ilé ọ̀rẹ́ mi lónìí.,Yoruba,AI-generated synthetic data
2116,The engineer is building the computer.,English,AI-generated synthetic data
2117,Awa mú kọ́kọ́rọ́ lónìí.,Yoruba,AI-generated synthetic data
2118,Olùkọ́ náà ní ìwé ní òru.,Yoruba,AI-generated synthetic data
2119,Tawagar mu yana shirya takardar bincike.,Hausa,AI-generated synthetic data
2120,The programmer fixed the error in the Python script.,English,AI-generated synthetic data
2121,Ị nwere unere taa.,Igbo,AI-generated synthetic data
2122,"Da safe, kowa ya kamata ya bi umarnin tsaro.",Hausa,AI-generated synthetic data
2123,Mgbede ọma,Igbo,AI-generated synthetic data
2124,Nna hụrụ ekwentị na ngwụcha izu.,Igbo,AI-generated synthetic data
2125,"After lunch, we should discuss the issue before tomorrow.",English,AI-generated synthetic data
2126,Mai shirye-shiryen yana tattauna sabon aiki.,Hausa,AI-generated synthetic data
2127,Ọ wetara ọka n'ehihie.,Igbo,AI-generated synthetic data
2128,The farmer is discussing a research proposal.,English,AI-generated synthetic data
2129,"A gida, ina asibitin da ya fi kusa yake?",Hausa,AI-generated synthetic data
2130,Mama wà ní ilé ní ọ̀sẹ̀ yìí.,Yoruba,AI-generated synthetic data
2131,Akẹ́kọ̀ọ́ náà rí àkàrà ní kutukutu.,Yoruba,AI-generated synthetic data
2132,Ebee ka ahịa dị?,Igbo,AI-generated synthetic data
2133,Ma'aikaciyar jinya yana shirya jadawalin isar da kaya.,Hausa,AI-generated synthetic data
2134,Dókítà náà lo ìwé ní òru.,Yoruba,AI-generated synthetic data
2135,Onye nkụzi ahụ hụrụ akwụkwọ n'oge.,Igbo,AI-generated synthetic data
2136,Dọkịta ahụ nọ n'ụlọ ụnyaahụ.,Igbo,AI-generated synthetic data
2137,Ọkùnrin náà ní ẹ̀fọ́ ní alẹ́.,Yoruba,AI-generated synthetic data
2138,Our team is preparing the farm equipment.,English,AI-generated synthetic data
2139,Ha hụrụ unere n'abalị.,Igbo,AI-generated synthetic data
2140,Nwa ahụ mere kọmputa n'ehihie.,Igbo,AI-generated synthetic data
2141,Àwọn ará wa ra àkàrà àná.,Yoruba,AI-generated synthetic data
2142,The driver is building a mobile application.,English,AI-generated synthetic data
2143,Àwọn ará wa wà ní mọ́sáláṣí ní ọ̀sẹ̀ yìí.,Yoruba,AI-generated synthetic data
2144,"At home, where is the nearest hospital?",English,AI-generated synthetic data
2145,Akẹ́kọ̀ọ́ náà ra ẹja ní òru.,Yoruba,AI-generated synthetic data
2146,Manomin yana shirya kayan horo.,Hausa,AI-generated synthetic data
2147,Enyi m wetara kọmputa n'isi ụtụtụ.,Igbo,AI-generated synthetic data
2148,The developer is reviewing a research proposal.,English,AI-generated synthetic data
2149,"At home, the algorithm performed better after the data was cleaned.",English,AI-generated synthetic data
2150,O lo kọ́kọ́rọ́ ní ìparí ọ̀sẹ̀.,Yoruba,AI-generated synthetic data
2151,Arábìnrin mi lo àkàrà ní òwúrọ̀.,Yoruba,AI-generated synthetic data
2152,Wọ́n ṣe àgbàdo ní kutukutu.,Yoruba,AI-generated synthetic data
2153,Báwo ni mo ṣe lè lọ síbẹ̀?,Yoruba,AI-generated synthetic data
2154,Nwanne nwanyị m wetara ekwentị n'ụtụtụ.,Igbo,AI-generated synthetic data
2155,Ọmọ náà lọ sí ilé ìwòsàn àná.,Yoruba,AI-generated synthetic data
2156,"In the morning, the researcher collected responses from several participants.",English,AI-generated synthetic data
2157,Àwọn ọmọ wà ní ọjà àná.,Yoruba,AI-generated synthetic data
2158,Ụmụaka ahụ na-arụ ọrụ n'ụlọ ahịa ụnyaahụ.,Igbo,AI-generated synthetic data
2159,Nwanne m wetara ekwentị echi.,Igbo,AI-generated synthetic data
2160,Nwa ahụ jiri ekwentị n'izu a.,Igbo,AI-generated synthetic data
2161,Likitan yana koyon shirin kasuwanci.,Hausa,AI-generated synthetic data
2162,Ẹyin mú àgbàdo ní kutukutu.,Yoruba,AI-generated synthetic data
2163,"Gobe, mun tsaftace bayanan kafin horar da samfurin.",Hausa,AI-generated synthetic data
2164,"Yesterday, we cleaned the dataset before training the classifier.",English,AI-generated synthetic data
2165,Mai shirye-shiryen yana koyon rahoton.,Hausa,AI-generated synthetic data
2166,The farmer is learning a mobile application.,English,AI-generated synthetic data
2167,The doctor is planning the business plan.,English,AI-generated synthetic data
2168,Nne bịara n'ụlọ ahịa n'oge.,Igbo,AI-generated synthetic data
2169,Mo ń lọ sí ọjà,Yoruba,AI-generated synthetic data
2170,Ị zụtara oche na ngwụcha izu.,Igbo,AI-generated synthetic data
2171,Nwa ahụ nọ n'ụlọ ọgwụ n'ehihie.,Igbo,AI-generated synthetic data
2172,Àwọn ọmọ ṣe ìwé ní ọ̀sẹ̀ yìí.,Yoruba,AI-generated synthetic data
2173,Nwanne m na-arụ ọrụ n'ụlọ ọgwụ taa.,Igbo,AI-generated synthetic data
2174,Likitan yana bitar samfurin koyon na'ura.,Hausa,AI-generated synthetic data
2175,Báwo ni?,Yoruba,AI-generated synthetic data
2176,"In the afternoon, the meeting was longer than expected.",English,AI-generated synthetic data
2177,My brother is reviewing the meeting notes.,English,AI-generated synthetic data
2178,Direban yana tattauna kayan horo.,Hausa,AI-generated synthetic data
2179,My brother is preparing the training materials.,English,AI-generated synthetic data
2180,Ó ṣe àpò lónìí.,Yoruba,AI-generated synthetic data
2181,The engineer is building the meeting notes.,English,AI-generated synthetic data
2182,Ụmụaka ahụ nwere ọka n'ehihie.,Igbo,AI-generated synthetic data
2183,Injiniyan yana tattauna shirin kasuwanci.,Hausa,AI-generated synthetic data
2184,Baba ń ṣiṣẹ́ ní ilé ní ìparí ọ̀sẹ̀.,Yoruba,AI-generated synthetic data
2185,The manager is learning the patient record.,English,AI-generated synthetic data
2186,"In the evening, the programmer fixed the error in the Python script.",English,AI-generated synthetic data
2187,Dalibin yana bitar bayanan mara lafiya.,Hausa,AI-generated synthetic data
2188,Tawagar mu yana koyon kayan horo.,Hausa,AI-generated synthetic data
2189,Ọ mere osikapa n'ehihie.,Igbo,AI-generated synthetic data
2190,Baba fẹ́ ẹran ní òru.,Yoruba,AI-generated synthetic data
2191,"Yesterday, the teacher explained the lesson with a practical example.",English,AI-generated synthetic data
2192,Nwa akwụkwọ ahụ nọ n'ụlọ enyi m n'isi ụtụtụ.,Igbo,AI-generated synthetic data
2193,Nwa akwụkwọ ahụ chọrọ azụ n'oge.,Igbo,AI-generated synthetic data
2194,Malamin yana gyara kayan aikin gona.,Hausa,AI-generated synthetic data
2195,Awa ní ọ̀gẹ̀dẹ̀ ní òwúrọ̀.,Yoruba,AI-generated synthetic data
2196,"Tomorrow, how can we improve the system?",English,AI-generated synthetic data
2197,Kedu ka ị dị?,Igbo,AI-generated synthetic data
2198,My friend is building the report.,English,AI-generated synthetic data
2199,Nwanne nwanyị m hụrụ igwefoto n'isi ụtụtụ.,Igbo,AI-generated synthetic data
2200,Ọkùnrin náà wà ní pápá àná.,Yoruba,AI-generated synthetic data
2201,The doctor is planning the patient record.,English,AI-generated synthetic data
2202,Our community is planning the report.,English,AI-generated synthetic data
2203,Ẹyin ní ẹ̀wà ní kutukutu.,Yoruba,AI-generated synthetic data
2204,Obìnrin náà ṣe oúnjẹ ọ̀la.,Yoruba,AI-generated synthetic data
2205,Tawagar mu yana koyon bayanan mara lafiya.,Hausa,AI-generated synthetic data
2206,Awa fẹ́ ọ̀gẹ̀dẹ̀ ní ọ̀sán.,Yoruba,AI-generated synthetic data
2207,The nurse is organizing the business plan.,English,AI-generated synthetic data
2208,Nwa akwụkwọ ahụ na-arụ ọrụ n'chọọchị taa.,Igbo,AI-generated synthetic data
2209,"Gobe, ina zan sayi sabbin kayan lambu?",Hausa,AI-generated synthetic data
2210,My friend is building the delivery schedule.,English,AI-generated synthetic data
2211,"In the morning, please send the document before noon.",English,AI-generated synthetic data
2212,Ó ń rìn ní ilé ní ìparí ọ̀sẹ̀.,Yoruba,AI-generated synthetic data
2213,Our team is reviewing the patient record.,English,AI-generated synthetic data
2214,Mama ń ṣiṣẹ́ ní ọgbà ní alẹ́.,Yoruba,AI-generated synthetic data
2215,The engineer is building a mobile application.,English,AI-generated synthetic data
2216,Àwọn ará wa mú tábìlì ọ̀la.,Yoruba,AI-generated synthetic data
2217,Baba lọ sí pápá ní ọ̀sẹ̀ yìí.,Yoruba,AI-generated synthetic data
2218,Enyi m chọrọ osikapa n'ehihie.,Igbo,AI-generated synthetic data
2219,"Gobe, mai bincike ya tattara amsoshi daga mahalarta da dama.",Hausa,AI-generated synthetic data
2220,Dan uwana yana bitar jadawalin makaranta.,Hausa,AI-generated synthetic data
2221,Àwọn ọmọ fẹ́ omi ní ọ̀sán.,Yoruba,AI-generated synthetic data
2222,Arábìnrin mi ní ẹran ní òwúrọ̀.,Yoruba,AI-generated synthetic data
2223,Ẹyin ní àga lónìí.,Yoruba,AI-generated synthetic data
2224,Likitan yana duba shirin kasuwanci.,Hausa,AI-generated synthetic data
2225,Aládùúgbò wa lọ sí ilé lónìí.,Yoruba,AI-generated synthetic data
2226,Nwoke ahụ na-amụ ihe n'ọgbọ egwuregwu n'izu a.,Igbo,AI-generated synthetic data
2227,Dalibin yana tattauna jerin kaya.,Hausa,AI-generated synthetic data
2228,Nwa akwụkwọ ahụ bịara n'okporo ụzọ ụnyaahụ.,Igbo,AI-generated synthetic data
2229,Ẹyin ń rìn ní ilé ìwòsàn ní kutukutu.,Yoruba,AI-generated synthetic data
2230,"At work, the food at the restaurant was delicious.",English,AI-generated synthetic data
2231,Ị na-arụ ọrụ n'ụlọ enyi m echi.,Igbo,AI-generated synthetic data
2232,"Bayan cin abinci, barka da safiya, ina fatan kana cikin koshin lafiya.",Hausa,AI-generated synthetic data
2233,Arábìnrin mi ń rìn ní ilé ní alẹ́.,Yoruba,AI-generated synthetic data
2234,Nwoke ahụ na-aga n'ụlọ enyi m n'izu a.,Igbo,AI-generated synthetic data
2235,Kí ni orúkọ rẹ?,Yoruba,AI-generated synthetic data
2236,"Yau, dalibi ya aro littafi daga dakin karatu.",Hausa,AI-generated synthetic data
2237,"A gida, mun isa lafiya bayan doguwar tafiya.",Hausa,AI-generated synthetic data
2238,O ṣe ẹja lónìí.,Yoruba,AI-generated synthetic data
2239,Ọ bụ ụbọchị ọma,Igbo,AI-generated synthetic data
2240,A researcher is checking the network connection.,English,AI-generated synthetic data
2241,"Yesterday, i will call you when I arrive.",English,AI-generated synthetic data
2242,Wọ́n ṣe ọ̀gẹ̀dẹ̀ lónìí.,Yoruba,AI-generated synthetic data
2243,Nwanyị ahụ bịara n'ụlọ akwụkwọ n'oge.,Igbo,AI-generated synthetic data
2244,A researcher is repairing the patient record.,English,AI-generated synthetic data
2245,"A wurin aiki, makaniki ya sauya bangaren da ya lalace.",Hausa,AI-generated synthetic data
2246,Nwanne nwanyị m na-aga n'ụlọ ekpere n'ụtụtụ.,Igbo,AI-generated synthetic data
2247,"During the meeting, the community organized a clean-up exercise on Saturday.",English,AI-generated synthetic data
2248,"Da yamma, na tafi kasuwa da safe.",Hausa,AI-generated synthetic data
2249,Our team is learning the inventory list.,English,AI-generated synthetic data
2250,Mai binciken yana tsara takardar bincike.,Hausa,AI-generated synthetic data
2251,Onye nkụzi ahụ na-aga n'ọfịs n'isi ụtụtụ.,Igbo,AI-generated synthetic data
2252,Àwọn ọmọ ṣe ẹja ní alẹ́.,Yoruba,AI-generated synthetic data
2253,The driver is checking the delivery schedule.,English,AI-generated synthetic data
2254,"After lunch, can you help me with this problem?",English,AI-generated synthetic data
2255,Malamin yana gina rahoton.,Hausa,AI-generated synthetic data
2256,"Today, i am going to the market this morning.",English,AI-generated synthetic data
2257,Manajan yana shirya rahoton.,Hausa,AI-generated synthetic data
2258,Ana m aga ahịa,Igbo,AI-generated synthetic data
2259,Ha nwere agwa n'izu a.,Igbo,AI-generated synthetic data
2260,Nne wetara akwụkwọ nri n'abalị.,Igbo,AI-generated synthetic data
2261,Nna wetara agwa n'oge.,Igbo,AI-generated synthetic data
2262,Nwanyị ahụ hụrụ azụ n'izu a.,Igbo,AI-generated synthetic data
2263,Dan uwana yana karatu samfurin koyon na'ura.,Hausa,AI-generated synthetic data
2264,Ị nọ n'okporo ụzọ n'abalị.,Igbo,AI-generated synthetic data
2265,Dan uwana yana tattauna bayanan mara lafiya.,Hausa,AI-generated synthetic data
2266,The doctor is planning a research proposal.,English,AI-generated synthetic data
2267,Our team is planning a new project.,English,AI-generated synthetic data
2268,The student is repairing the network connection.,English,AI-generated synthetic data
2269,Nwanyị ahụ nọ n'ọbá akwụkwọ echi.,Igbo,AI-generated synthetic data
2270,The developer is preparing a research proposal.,English,AI-generated synthetic data
2271,Baba lọ sí ọ́fíìsì ní òru.,Yoruba,AI-generated synthetic data
2272,Ha zụtara kọmputa n'isi ụtụtụ.,Igbo,AI-generated synthetic data
2273,"Da rana, yaran suna wasa a wajen gida.",Hausa,AI-generated synthetic data
2274,Al'ummar yana gina jadawalin makaranta.,Hausa,AI-generated synthetic data
2275,Dókítà náà ṣe kámẹ́rà ní kutukutu.,Yoruba,AI-generated synthetic data
2276,"Bayan cin abinci, don Allah ka duba bayanan kafin ka aika da fom.",Hausa,AI-generated synthetic data
2277,Nibo ni ìwé náà wà?,Yoruba,AI-generated synthetic data
2278,Nwa ahụ bịara n'okporo ụzọ n'ehihie.,Igbo,AI-generated synthetic data
2279,Unu zụtara oche n'ụtụtụ.,Igbo,AI-generated synthetic data
2280,Mo rí ìrẹsì ní alẹ́.,Yoruba,AI-generated synthetic data
2281,Obìnrin náà fẹ́ àpò ní ọ̀sẹ̀ yìí.,Yoruba,AI-generated synthetic data
2282,"Bayan cin abinci, al'umma ta shirya aikin tsaftace muhalli ranar Asabar.",Hausa,AI-generated synthetic data
2283,"Da rana, kowa ya kamata ya bi umarnin tsaro.",Hausa,AI-generated synthetic data
2284,Ó fẹ́ ọ̀gẹ̀dẹ̀ ní òwúrọ̀.,Yoruba,AI-generated synthetic data
2285,Báwo ni ọjọ́ rẹ ṣe rí?,Yoruba,AI-generated synthetic data
2286,Nwanne m chọrọ anụ ụnyaahụ.,Igbo,AI-generated synthetic data
2287,Enyi m na-aga n'ogige n'ehihie.,Igbo,AI-generated synthetic data
2288,"At home, please keep the equipment in a safe place.",English,AI-generated synthetic data
2289,Mama ń rìn ní ọgbà ẹ̀kọ́ ní òwúrọ̀.,Yoruba,AI-generated synthetic data
2290,Onye agbata obi anyị chọrọ tebụl ụnyaahụ.,Igbo,AI-generated synthetic data
2291,Nna hụrụ agwa n'izu a.,Igbo,AI-generated synthetic data
2292,Àwọn ọmọ rí tábìlì àná.,Yoruba,AI-generated synthetic data
2293,Manajan yana gina kayan horo.,Hausa,AI-generated synthetic data
2294,The farmer is building a new project.,English,AI-generated synthetic data
2295,Arákùnrin mi lọ sí òpópónà ọ̀la.,Yoruba,AI-generated synthetic data
2296,Ọ̀rẹ́ mi ń kọ́ ẹ̀kọ́ ní òpópónà ní ọ̀sẹ̀ yìí.,Yoruba,AI-generated synthetic data
2297,Arákùnrin mi dé sí ọ́fíìsì ní ọ̀sán.,Yoruba,AI-generated synthetic data
2298,Nna na-arụ ọrụ n'ụlọ ụnyaahụ.,Igbo,AI-generated synthetic data
2299,Aládùúgbò wa fẹ́ tábìlì lónìí.,Yoruba,AI-generated synthetic data
2300,My brother is discussing the patient record.,English,AI-generated synthetic data
2301,Nwa akwụkwọ ahụ na-amụ ihe n'ụlọ akwụkwọ n'izu a.,Igbo,AI-generated synthetic data
2302,Obìnrin náà ń kọ́ ẹ̀kọ́ ní ilé ẹ̀kọ́ ní ọ̀sẹ̀ yìí.,Yoruba,AI-generated synthetic data
2303,Nwa akwụkwọ ahụ bịara n'chọọchị n'ehihie.,Igbo,AI-generated synthetic data
2304,Mai shirye-shiryen yana bitar shirin kasuwanci.,Hausa,AI-generated synthetic data
2305,Anyị jiri akpụkpọ ụkwụ n'ehihie.,Igbo,AI-generated synthetic data
2306,Manajan yana gina hanyar sadarwa.,Hausa,AI-generated synthetic data
2307,"A gida, manomi ya shuka masara kafin lokacin damina ya fara.",Hausa,AI-generated synthetic data
2308,Jọ̀wọ́,Yoruba,AI-generated synthetic data
2309,"After lunch, the community organized a clean-up exercise on Saturday.",English,AI-generated synthetic data
2310,The student is repairing the business plan.,English,AI-generated synthetic data
2311,Mai binciken yana gyara rahoton.,Hausa,AI-generated synthetic data
2312,Injiniyan yana tsara hanyar sadarwa.,Hausa,AI-generated synthetic data
2313,The farmer is building the school timetable.,English,AI-generated synthetic data
2314,Nnọọ,Igbo,AI-generated synthetic data
2315,The engineer is discussing the report.,English,AI-generated synthetic data
2316,The manager is discussing the network connection.,English,AI-generated synthetic data
2317,"At work, i have not received the message yet.",English,AI-generated synthetic data
2318,A researcher is preparing a new project.,English,AI-generated synthetic data
2319,Dọkịta ahụ bịara n'ogige ụnyaahụ.,Igbo,AI-generated synthetic data
2320,"A wurin aiki, mai shago ya bude shagon da wuri.",Hausa,AI-generated synthetic data
2321,"Da safe, muna bukatar karin bayani kafin mu yanke hukunci.",Hausa,AI-generated synthetic data
2322,Nwanne nwanyị m na-aga n'ụlọ ọgwụ n'abalị.,Igbo,AI-generated synthetic data
2323,Àwọn ọmọ fẹ́ kọ́kọ́rọ́ ní ìparí ọ̀sẹ̀.,Yoruba,AI-generated synthetic data
2324,Nwoke ahụ mere uwe n'abalị.,Igbo,AI-generated synthetic data
2325,Mo ń rìn ní ọ́fíìsì ní alẹ́.,Yoruba,AI-generated synthetic data
2326,Our team is building the report.,English,AI-generated synthetic data
2327,"Bayan cin abinci, tawagar ta kammala aikin akan lokaci.",Hausa,AI-generated synthetic data
2328,The nurse is building the delivery schedule.,English,AI-generated synthetic data
2329,The driver is discussing a research proposal.,English,AI-generated synthetic data
2330,Dan uwana yana tattauna kayan horo.,Hausa,AI-generated synthetic data
2331,Ọmọ náà ń ṣiṣẹ́ ní ọjà ní ọ̀sán.,Yoruba,AI-generated synthetic data
2332,Our community is studying the meeting notes.,English,AI-generated synthetic data
2333,My brother is checking the network connection.,English,AI-generated synthetic data
2334,"Da yamma, karfe nawa motar bas za ta tashi?",Hausa,AI-generated synthetic data
2335,Malamin yana duba jerin kaya.,Hausa,AI-generated synthetic data
2336,Kò sí ìṣòro,Yoruba,AI-generated synthetic data
2337,Onye agbata obi anyị mere ji na ngwụcha izu.,Igbo,AI-generated synthetic data
2338,My friend is reviewing a new project.,English,AI-generated synthetic data
2339,Mo ń rìn ní mọ́sáláṣí ní ìparí ọ̀sẹ̀.,Yoruba,AI-generated synthetic data
2340,Abokina yana gyara manhajar waya.,Hausa,AI-generated synthetic data
2341,Direban yana bitar kwamfutar.,Hausa,AI-generated synthetic data
2342,Direban yana duba kayan horo.,Hausa,AI-generated synthetic data
2343,Abokina yana koyon hanyar sadarwa.,Hausa,AI-generated synthetic data
2344,"In the evening, the passengers waited patiently at the terminal.",English,AI-generated synthetic data
2345,Aládùúgbò wa dé sí ilé ìtajà ní òwúrọ̀.,Yoruba,AI-generated synthetic data
2346,My brother is discussing a new project.,English,AI-generated synthetic data
2347,Onye nkụzi ahụ na-eje ije n'ọfịs n'isi ụtụtụ.,Igbo,AI-generated synthetic data
2348,Malamin yana duba sabon aiki.,Hausa,AI-generated synthetic data
2349,Onye nkụzi ahụ mere mmiri n'isi ụtụtụ.,Igbo,AI-generated synthetic data
2350,Akẹ́kọ̀ọ́ náà lọ sí pápá ní ọ̀sẹ̀ yìí.,Yoruba,AI-generated synthetic data
2351,Baba fẹ́ kọ̀ǹpútà ní ìparí ọ̀sẹ̀.,Yoruba,AI-generated synthetic data
2352,Our community is checking the training materials.,English,AI-generated synthetic data
2353,Mo lo àpò lónìí.,Yoruba,AI-generated synthetic data
2354,The engineer is organizing a new project.,English,AI-generated synthetic data
2355,Unu chọrọ oche ụnyaahụ.,Igbo,AI-generated synthetic data
2356,Enyi m mere ekwentị na ngwụcha izu.,Igbo,AI-generated synthetic data
2357,Tawagar mu yana gyara samfurin koyon na'ura.,Hausa,AI-generated synthetic data
2358,Al'ummar yana gina rahoton.,Hausa,AI-generated synthetic data
2359,"Da safe, ina asibitin da ya fi kusa yake?",Hausa,AI-generated synthetic data
2360,Unu mere akpụkpọ ụkwụ n'ụtụtụ.,Igbo,AI-generated synthetic data
2361,Mai shirye-shiryen yana bitar kwamfutar.,Hausa,AI-generated synthetic data
2362,"Tomorrow, the report contains the results of the experiment.",English,AI-generated synthetic data
2363,Nwa ahụ zụtara igwefoto n'oge.,Igbo,AI-generated synthetic data
2364,Abokina yana koyon kayan aikin gona.,Hausa,AI-generated synthetic data
2365,The doctor is studying the meeting notes.,English,AI-generated synthetic data
2366,A teacher is repairing the network connection.,English,AI-generated synthetic data
2367,Nwoke ahụ na-eje ije n'ụlọ ekpere n'abalị.,Igbo,AI-generated synthetic data
2368,Baba ń kọ́ ẹ̀kọ́ ní ilé ọ̀rẹ́ mi ní òwúrọ̀.,Yoruba,AI-generated synthetic data
2369,Arábìnrin mi ṣe fóònù ọ̀la.,Yoruba,AI-generated synthetic data
2370,Nwa akwụkwọ ahụ na-amụ ihe n'ọgbọ egwuregwu n'ụtụtụ.,Igbo,AI-generated synthetic data
2371,Enyi m na-amụ ihe n'ụlọ ahịa n'isi ụtụtụ.,Igbo,AI-generated synthetic data
2372,Unu na-arụ ọrụ n'ọdụ ụgbọala n'oge.,Igbo,AI-generated synthetic data
2373,A researcher is checking a new project.,English,AI-generated synthetic data
2374,A teacher is building the school timetable.,English,AI-generated synthetic data
2375,O mú kọ́kọ́rọ́ ní kutukutu.,Yoruba,AI-generated synthetic data
2376,A teacher is repairing the training materials.,English,AI-generated synthetic data
2377,Likitan yana bitar takardar bincike.,Hausa,AI-generated synthetic data
2378,Likitan yana gina bayanan taro.,Hausa,AI-generated synthetic data
2379,Nwa akwụkwọ ahụ zụtara tebụl taa.,Igbo,AI-generated synthetic data
2380,The nurse is organizing the computer.,English,AI-generated synthetic data
2381,Wọ́n mú ẹ̀wà ní alẹ́.,Yoruba,AI-generated synthetic data
2382,Mama rí àga ní òwúrọ̀.,Yoruba,AI-generated synthetic data
2383,Ụmụaka ahụ zụtara ji ụnyaahụ.,Igbo,AI-generated synthetic data
2384,The doctor is checking the patient record.,English,AI-generated synthetic data
2385,Nwanne nwoke m wetara anụ taa.,Igbo,AI-generated synthetic data
2386,Nwoke ahụ jiri nri n'ụtụtụ.,Igbo,AI-generated synthetic data
2387,Ma'aikaciyar jinya yana shirya kayan horo.,Hausa,AI-generated synthetic data
2388,Arábìnrin mi ń rìn ní ilé ìtajà ní ọ̀sán.,Yoruba,AI-generated synthetic data
2389,Malamin yana gina jadawalin makaranta.,Hausa,AI-generated synthetic data
2390,Enyi m na-arụ ọrụ n'ọbá akwụkwọ echi.,Igbo,AI-generated synthetic data
2391,"Da rana, mai shago ya bude shagon da wuri.",Hausa,AI-generated synthetic data
2392,"Yau, na manta da laima a gida.",Hausa,AI-generated synthetic data
2393,The developer is building the inventory list.,English,AI-generated synthetic data
2394,Mama ń rìn ní ilé ìtajà ọ̀la.,Yoruba,AI-generated synthetic data
2395,"Da yamma, wace hanya ce take zuwa kasuwa?",Hausa,AI-generated synthetic data
2396,Nwanne nwanyị m zụtara akpụkpọ ụkwụ n'ehihie.,Igbo,AI-generated synthetic data
2397,"Yesterday, the developer created a simple interface for the users.",English,AI-generated synthetic data
2398,Olùkọ́ náà ṣe omi ní òru.,Yoruba,AI-generated synthetic data
2399,Nwanyị ahụ chọrọ tebụl n'abalị.,Igbo,AI-generated synthetic data
2400,Aládùúgbò wa dé sí ọgbà àná.,Yoruba,AI-generated synthetic data
2401,"During the meeting, please keep the equipment in a safe place.",English,AI-generated synthetic data
2402,"Yayin taro, na yi farin cikin jin cewa komai ya tafi lafiya.",Hausa,AI-generated synthetic data
2403,Dọkịta ahụ mere unere n'ụtụtụ.,Igbo,AI-generated synthetic data
2404,Mama rí fóònù ní ọ̀sẹ̀ yìí.,Yoruba,AI-generated synthetic data
2405,"In the afternoon, i am happy to hear that everything went well.",English,AI-generated synthetic data
2406,Nwanne nwanyị m mere kọmputa na ngwụcha izu.,Igbo,AI-generated synthetic data
2407,Dalibin yana shirya rahoton.,Hausa,AI-generated synthetic data
2408,A teacher is preparing a mobile application.,English,AI-generated synthetic data
2409,The student is organizing the training materials.,English,AI-generated synthetic data
2410,Direban yana tattauna hanyar sadarwa.,Hausa,AI-generated synthetic data
2411,The developer is discussing the meeting notes.,English,AI-generated synthetic data
2412,The farmer is checking the report.,English,AI-generated synthetic data
2413,M jiri akpa taa.,Igbo,AI-generated synthetic data
2414,Our community is organizing the school timetable.,English,AI-generated synthetic data
2415,Awa dé sí ọgbà ẹ̀kọ́ ọ̀la.,Yoruba,AI-generated synthetic data
2416,Olùkọ́ náà dé sí ilé ìwòsàn lónìí.,Yoruba,AI-generated synthetic data
2417,Wọ́n lọ sí ọgbà ní alẹ́.,Yoruba,AI-generated synthetic data
2418,The nurse is checking the training materials.,English,AI-generated synthetic data
2419,Mai binciken yana duba kayan horo.,Hausa,AI-generated synthetic data
2420,Dalibin yana koyon hanyar sadarwa.,Hausa,AI-generated synthetic data
2421,Wọ́n dé sí ilé ní kutukutu.,Yoruba,AI-generated synthetic data
2422,"At home, the nurse checked the patient's temperature carefully.",English,AI-generated synthetic data
2423,Olùkọ́ náà lo àkàrà ní ọ̀sán.,Yoruba,AI-generated synthetic data
2424,A researcher is studying a mobile application.,English,AI-generated synthetic data
2425,Nwa akwụkwọ ahụ hụrụ igwefoto ụnyaahụ.,Igbo,AI-generated synthetic data
2426,Manajan yana gyara hanyar sadarwa.,Hausa,AI-generated synthetic data
2427,"Gobe, mun isa lafiya bayan doguwar tafiya.",Hausa,AI-generated synthetic data
2428,"In the afternoon, good morning, I hope you are doing well.",English,AI-generated synthetic data
2429,A teacher is reviewing the machine learning model.,English,AI-generated synthetic data
2430,Nwa ahụ chọrọ mmiri n'oge.,Igbo,AI-generated synthetic data
2431,M chọrọ unere taa.,Igbo,AI-generated synthetic data
2432,Mo rí kọ́kọ́rọ́ ní ìparí ọ̀sẹ̀.,Yoruba,AI-generated synthetic data
2433,The farmer is organizing the delivery schedule.,English,AI-generated synthetic data
2434,Malamin yana gina jerin kaya.,Hausa,AI-generated synthetic data
2435,Manomin yana bitar hanyar sadarwa.,Hausa,AI-generated synthetic data
2436,"Jiya, ma'aikacin hanyar sadarwa ya duba na'urar router.",Hausa,AI-generated synthetic data
2437,The student is preparing the training materials.,English,AI-generated synthetic data
2438,Our team is studying the inventory list.,English,AI-generated synthetic data
2439,Dan uwana yana gina jadawalin isar da kaya.,Hausa,AI-generated synthetic data
2440,Ẹyin ń rìn ní òpópónà lónìí.,Yoruba,AI-generated synthetic data
2441,Direban yana gina manhajar waya.,Hausa,AI-generated synthetic data
2442,Ụmụaka ahụ na-eje ije n'ọbá akwụkwọ echi.,Igbo,AI-generated synthetic data
2443,The engineer is repairing the machine learning model.,English,AI-generated synthetic data
2444,"After lunch, the teacher explained the lesson with a practical example.",English,AI-generated synthetic data
2445,Nne nwere nri n'ụtụtụ.,Igbo,AI-generated synthetic data
2446,Nwa ahụ nwere anụ na ngwụcha izu.,Igbo,AI-generated synthetic data
2447,Mai shirye-shiryen yana duba jerin kaya.,Hausa,AI-generated synthetic data
2448,Dọkịta ahụ hụrụ akwụkwọ n'izu a.,Igbo,AI-generated synthetic data
2449,Arákùnrin mi ń kọ́ ẹ̀kọ́ ní ilé ní alẹ́.,Yoruba,AI-generated synthetic data
2450,Our community is discussing a mobile application.,English,AI-generated synthetic data
2451,Our community is organizing the machine learning model.,English,AI-generated synthetic data
2452,Unu zụtara nri ụnyaahụ.,Igbo,AI-generated synthetic data
2453,Olùkọ́ náà ra ẹ̀fọ́ ọ̀la.,Yoruba,AI-generated synthetic data
2454,Abokina yana shirya manhajar waya.,Hausa,AI-generated synthetic data
2455,"Gobe, manomi ya shuka masara kafin lokacin damina ya fara.",Hausa,AI-generated synthetic data
2456,M na-amụ ihe n'ụlọ akwụkwọ n'isi ụtụtụ.,Igbo,AI-generated synthetic data
2457,Dan uwana yana duba kwamfutar.,Hausa,AI-generated synthetic data
2458,Likitan yana shirya sabon aiki.,Hausa,AI-generated synthetic data
2459,Manomin yana shirya samfurin koyon na'ura.,Hausa,AI-generated synthetic data
2460,Nwa ahụ nwere osikapa echi.,Igbo,AI-generated synthetic data
2461,Nwa ahụ jiri kọmputa n'oge.,Igbo,AI-generated synthetic data
2462,O ṣe ìrẹsì ní òwúrọ̀.,Yoruba,AI-generated synthetic data
2463,Ụmụaka ahụ na-aga n'ọfịs n'abalị.,Igbo,AI-generated synthetic data
2464,Ụmụaka ahụ nọ n'ụlọ ọgwụ n'izu a.,Igbo,AI-generated synthetic data
2465,Ọmọ náà mú fóònù ní ìparí ọ̀sẹ̀.,Yoruba,AI-generated synthetic data
2466,My friend is preparing a mobile application.,English,AI-generated synthetic data
2467,O lo ìrẹsì ní alẹ́.,Yoruba,AI-generated synthetic data
2468,The driver is preparing the computer.,English,AI-generated synthetic data
2469,The student is studying the business plan.,English,AI-generated synthetic data
2470,Àwọn ọmọ mú ìwé ọ̀la.,Yoruba,AI-generated synthetic data
2471,Arákùnrin mi ṣe omi àná.,Yoruba,AI-generated synthetic data
2472,Arákùnrin mi ń ṣiṣẹ́ ní òpópónà ní alẹ́.,Yoruba,AI-generated synthetic data
2473,Enyi m na-aga n'ụlọ enyi m n'izu a.,Igbo,AI-generated synthetic data
2474,Anyị mere osikapa n'oge.,Igbo,AI-generated synthetic data
2475,Ẹyin lọ sí ilé ìwé ní ọ̀sán.,Yoruba,AI-generated synthetic data
2476,Mo dé sí òpópónà ní ìparí ọ̀sẹ̀.,Yoruba,AI-generated synthetic data
2477,Awa fẹ́ ẹ̀wà ní kutukutu.,Yoruba,AI-generated synthetic data
2478,Ẹyin ra aṣọ ní òru.,Yoruba,AI-generated synthetic data
2479,O ra ọ̀gẹ̀dẹ̀ ní òwúrọ̀.,Yoruba,AI-generated synthetic data
2480,Malamin yana bitar jadawalin makaranta.,Hausa,AI-generated synthetic data
2481,Ọ chọrọ unere n'ụtụtụ.,Igbo,AI-generated synthetic data
2482,Ha na-eje ije n'okporo ụzọ ụnyaahụ.,Igbo,AI-generated synthetic data
2483,"At home, the network administrator checked the router.",English,AI-generated synthetic data
2484,Nna nọ n'ọgbọ egwuregwu n'ụtụtụ.,Igbo,AI-generated synthetic data
2485,Ọmọ náà lọ sí ọjà ní ọ̀sẹ̀ yìí.,Yoruba,AI-generated synthetic data
2486,Ma'aikaciyar jinya yana tsara jadawalin isar da kaya.,Hausa,AI-generated synthetic data
2487,Olùkọ́ náà fẹ́ kámẹ́rà ọ̀la.,Yoruba,AI-generated synthetic data
2488,Arábìnrin mi fẹ́ kámẹ́rà lónìí.,Yoruba,AI-generated synthetic data
2489,Abokina yana gina sabon aiki.,Hausa,AI-generated synthetic data
2490,Awa dé sí pápá ní òru.,Yoruba,AI-generated synthetic data
2491,Ọkùnrin náà wà ní ọ́fíìsì ní ọ̀sẹ̀ yìí.,Yoruba,AI-generated synthetic data
2492,Àwọn ọmọ dé sí ilé ìwòsàn ní ọ̀sẹ̀ yìí.,Yoruba,AI-generated synthetic data
2493,Ọ na-arụ ọrụ n'ụlọ akwụkwọ n'ụtụtụ.,Igbo,AI-generated synthetic data
2494,"Bayan cin abinci, don Allah ka ajiye kayan aikin a wuri mai aminci.",Hausa,AI-generated synthetic data
2495,Manomin yana bitar kwamfutar.,Hausa,AI-generated synthetic data
2496,Ọkùnrin náà ń ṣiṣẹ́ ní ilé ìtajà ní òwúrọ̀.,Yoruba,AI-generated synthetic data
2497,Dalibin yana duba hanyar sadarwa.,Hausa,AI-generated synthetic data
2498,Our community is repairing the machine learning model.,English,AI-generated synthetic data
2499,Nna chọrọ ekwentị taa.,Igbo,AI-generated synthetic data
2500,Nwanne nwanyị m na-amụ ihe n'ogige taa.,Igbo,AI-generated synthetic data
2501,Akẹ́kọ̀ọ́ náà dé sí ibùdó ọkọ̀ ní kutukutu.,Yoruba,AI-generated synthetic data
2502,Ọ mere akpa taa.,Igbo,AI-generated synthetic data
2503,M chọrọ akpa n'ehihie.,Igbo,AI-generated synthetic data
2504,A researcher is organizing the network connection.,English,AI-generated synthetic data
2505,A researcher is reviewing the inventory list.,English,AI-generated synthetic data
2506,Ọ̀rẹ́ mi ń ṣiṣẹ́ ní ọ́fíìsì ní ìparí ọ̀sẹ̀.,Yoruba,AI-generated synthetic data
2507,Nne zụtara nri n'oge.,Igbo,AI-generated synthetic data
2508,The student is discussing the network connection.,English,AI-generated synthetic data
2509,Our team is discussing the training materials.,English,AI-generated synthetic data
2510,The student is discussing the school timetable.,English,AI-generated synthetic data
2511,Akẹ́kọ̀ọ́ náà wà ní ọjà ní ọ̀sẹ̀ yìí.,Yoruba,AI-generated synthetic data
2512,"Bayan cin abinci, malami ya bayyana darasin da misali na aikace-aikace.",Hausa,AI-generated synthetic data
2513,"Yau, makaniki ya sauya bangaren da ya lalace.",Hausa,AI-generated synthetic data
2514,"Tomorrow, i will call you when I arrive.",English,AI-generated synthetic data
2515,Abokina yana gina hanyar sadarwa.,Hausa,AI-generated synthetic data
2516,Ẹyin ra oúnjẹ àná.,Yoruba,AI-generated synthetic data
2517,Anyị na-arụ ọrụ n'okporo ụzọ echi.,Igbo,AI-generated synthetic data
2518,Dókítà náà ra ẹja ní kutukutu.,Yoruba,AI-generated synthetic data
2519,Dalibin yana koyon sabon aiki.,Hausa,AI-generated synthetic data
2520,Injiniyan yana tattauna jerin kaya.,Hausa,AI-generated synthetic data
2521,The driver is repairing the patient record.,English,AI-generated synthetic data
2522,Nne na-eje ije n'ụlọ ahịa echi.,Igbo,AI-generated synthetic data
2523,O lọ sí àgbègbè wa ní kutukutu.,Yoruba,AI-generated synthetic data
2524,Ọmọ náà ṣe kọ̀ǹpútà ní ọ̀sán.,Yoruba,AI-generated synthetic data
2525,Injiniyan yana tattauna bayanan mara lafiya.,Hausa,AI-generated synthetic data
2526,Mai shirye-shiryen yana karatu jadawalin makaranta.,Hausa,AI-generated synthetic data
2527,A researcher is repairing the training materials.,English,AI-generated synthetic data
2528,"Yayin taro, uwar garken tana bukatar kulawa da sa ido akai-akai.",Hausa,AI-generated synthetic data
2529,Anyị mere akpụkpọ ụkwụ echi.,Igbo,AI-generated synthetic data
2530,Nwa ahụ na-amụ ihe n'ụlọ enyi m n'izu a.,Igbo,AI-generated synthetic data
2531,Dalibin yana tattauna samfurin koyon na'ura.,Hausa,AI-generated synthetic data
2532,Nne hụrụ kọmputa n'oge.,Igbo,AI-generated synthetic data
2533,Unu wetara unere taa.,Igbo,AI-generated synthetic data
2534,Nwa akwụkwọ ahụ bịara n'ụlọ ọgwụ n'isi ụtụtụ.,Igbo,AI-generated synthetic data
2535,Ṣé iṣẹ́ náà ti parí?,Yoruba,AI-generated synthetic data
2536,Àwọn ọmọ ní ẹja ọ̀la.,Yoruba,AI-generated synthetic data
2537,"Tomorrow, when should I submit the application?",English,AI-generated synthetic data
2538,Mama ṣe àga ní ọ̀sẹ̀ yìí.,Yoruba,AI-generated synthetic data
2539,"Da rana, rumbun bayanai yana dauke da bayanai daga wurare da dama.",Hausa,AI-generated synthetic data
2540,Arábìnrin mi ní bàtà ọ̀la.,Yoruba,AI-generated synthetic data
2541,Al'ummar yana gyara shirin kasuwanci.,Hausa,AI-generated synthetic data
2542,"Da safe, rahoton ya kunshi sakamakon gwajin.",Hausa,AI-generated synthetic data
2543,"Da safe, fasinjoji sun jira cikin hakuri a tashar mota.",Hausa,AI-generated synthetic data
2544,My brother is planning the farm equipment.,English,AI-generated synthetic data
2545,Mo ń ṣiṣẹ́ lónìí,Yoruba,AI-generated synthetic data
2546,Mo ní àpò àná.,Yoruba,AI-generated synthetic data
2547,Dan uwana yana tsara hanyar sadarwa.,Hausa,AI-generated synthetic data
2548,Dalibin yana tattauna shirin kasuwanci.,Hausa,AI-generated synthetic data
2549,My friend is building the meeting notes.,English,AI-generated synthetic data
2550,Arábìnrin mi mú ẹran ní ìparí ọ̀sẹ̀.,Yoruba,AI-generated synthetic data
2551,Ụmụaka ahụ jiri igodo n'abalị.,Igbo,AI-generated synthetic data
2552,Ó ń kọ́ ẹ̀kọ́ ní àgbègbè wa ọ̀la.,Yoruba,AI-generated synthetic data
2553,The farmer is repairing the machine learning model.,English,AI-generated synthetic data
2554,Nne nọ n'ọfịs n'izu a.,Igbo,AI-generated synthetic data
2555,Tawagar mu yana gina shirin kasuwanci.,Hausa,AI-generated synthetic data
2556,Nwa ahụ na-arụ ọrụ n'ọgbọ egwuregwu n'izu a.,Igbo,AI-generated synthetic data
2557,Awa ra àga ọ̀la.,Yoruba,AI-generated synthetic data
2558,Obìnrin náà wà ní ọgbà ẹ̀kọ́ ní ìparí ọ̀sẹ̀.,Yoruba,AI-generated synthetic data
2559,Nne na-amụ ihe n'ụlọ ekpere echi.,Igbo,AI-generated synthetic data
2560,Akẹ́kọ̀ọ́ náà dé sí ọjà ní òwúrọ̀.,Yoruba,AI-generated synthetic data
2561,M nwere akpa ụnyaahụ.,Igbo,AI-generated synthetic data
2562,A researcher is repairing the computer.,English,AI-generated synthetic data
2563,Nwa ahụ na-amụ ihe n'ọgbọ egwuregwu n'abalị.,Igbo,AI-generated synthetic data
2564,Our community is planning the delivery schedule.,English,AI-generated synthetic data
2565,The doctor is reviewing the school timetable.,English,AI-generated synthetic data
2566,Nwanne m na-eje ije n'okporo ụzọ taa.,Igbo,AI-generated synthetic data
2567,Dalibin yana duba jadawalin makaranta.,Hausa,AI-generated synthetic data
2568,The driver is planning the school timetable.,English,AI-generated synthetic data
2569,Direban yana tattauna kwamfutar.,Hausa,AI-generated synthetic data
2570,M nọ n'ọgbọ egwuregwu echi.,Igbo,AI-generated synthetic data
2571,The family prepared food for their guests.,English,AI-generated synthetic data
2572,Ó lọ sí ọgbà ẹ̀kọ́ ọ̀la.,Yoruba,AI-generated synthetic data
2573,Nwanne m na-eje ije n'ọfịs echi.,Igbo,AI-generated synthetic data
2574,The nurse is reviewing the patient record.,English,AI-generated synthetic data
2575,The developer is studying a mobile application.,English,AI-generated synthetic data
2576,Ọ̀rẹ́ mi mú tábìlì ní ọ̀sán.,Yoruba,AI-generated synthetic data
2577,Akẹ́kọ̀ọ́ náà lọ sí ọgbà ẹ̀kọ́ ní ọ̀sán.,Yoruba,AI-generated synthetic data
2578,Abokina yana bitar jadawalin makaranta.,Hausa,AI-generated synthetic data
2579,Injiniyan yana shirya manhajar waya.,Hausa,AI-generated synthetic data
2580,"Gobe, makaniki ya sauya bangaren da ya lalace.",Hausa,AI-generated synthetic data
2581,Ọ̀rẹ́ mi ń ṣiṣẹ́ ní ọgbà ẹ̀kọ́ ní alẹ́.,Yoruba,AI-generated synthetic data
2582,"At work, please send the document before noon.",English,AI-generated synthetic data
2583,Mai binciken yana koyon jadawalin makaranta.,Hausa,AI-generated synthetic data
2584,Mai shirye-shiryen yana karatu kwamfutar.,Hausa,AI-generated synthetic data
2585,Al'ummar yana koyon kwamfutar.,Hausa,AI-generated synthetic data
2586,Wọ́n rí àga lónìí.,Yoruba,AI-generated synthetic data
2587,Tawagar mu yana tattauna hanyar sadarwa.,Hausa,AI-generated synthetic data
2588,Mai shirye-shiryen yana tattauna rahoton.,Hausa,AI-generated synthetic data
2589,Mama dé sí ilé ní òwúrọ̀.,Yoruba,AI-generated synthetic data
2590,The nurse is studying the training materials.,English,AI-generated synthetic data
2591,My brother is organizing the farm equipment.,English,AI-generated synthetic data
2592,A researcher is reviewing the patient record.,English,AI-generated synthetic data
2593,Ha na-eje ije n'ụlọ ekpere n'abalị.,Igbo,AI-generated synthetic data
2594,Nwanyị ahụ jiri nri n'abalị.,Igbo,AI-generated synthetic data
2595,Nwanne nwanyị m bịara n'chọọchị na ngwụcha izu.,Igbo,AI-generated synthetic data
2596,The engineer is planning the school timetable.,English,AI-generated synthetic data
2597,"Da yamma, don Allah ka ajiye kayan aikin a wuri mai aminci.",Hausa,AI-generated synthetic data
2598,The doctor is organizing the computer.,English,AI-generated synthetic data
2599,"At work, the algorithm performed better after the data was cleaned.",English,AI-generated synthetic data
2600,Anyị na-arụ ọrụ n'ọfịs n'isi ụtụtụ.,Igbo,AI-generated synthetic data
2601,Ọ mere igodo n'isi ụtụtụ.,Igbo,AI-generated synthetic data
2602,Ó ní àgbàdo ní ìparí ọ̀sẹ̀.,Yoruba,AI-generated synthetic data
2603,Kí ló ń ṣe?,Yoruba,AI-generated synthetic data
2604,Onye nkụzi ahụ hụrụ akpụkpọ ụkwụ n'ụtụtụ.,Igbo,AI-generated synthetic data
2605,Our team is repairing the farm equipment.,English,AI-generated synthetic data
2606,"Jiya, fasinjoji sun jira cikin hakuri a tashar mota.",Hausa,AI-generated synthetic data
2607,My brother is preparing the school timetable.,English,AI-generated synthetic data
2608,The farmer is learning the patient record.,English,AI-generated synthetic data
2609,Malamin yana shirya takardar bincike.,Hausa,AI-generated synthetic data
2610,Arábìnrin mi lọ sí ilé ìtajà ní alẹ́.,Yoruba,AI-generated synthetic data
2611,Enyi m mere tebụl ụnyaahụ.,Igbo,AI-generated synthetic data
2612,"Tomorrow, the researcher collected responses from several participants.",English,AI-generated synthetic data
2613,Dókítà náà lọ sí ibùdó ọkọ̀ ní òwúrọ̀.,Yoruba,AI-generated synthetic data
2614,Ha nọ n'ahịa taa.,Igbo,AI-generated synthetic data
2615,Abokina yana bitar jadawalin isar da kaya.,Hausa,AI-generated synthetic data
2616,Nna jiri akwụkwọ nri n'abalị.,Igbo,AI-generated synthetic data
2617,Obìnrin náà ń ṣiṣẹ́ ní àgbègbè wa ní ìparí ọ̀sẹ̀.,Yoruba,AI-generated synthetic data
2618,Dalibin yana gina kwamfutar.,Hausa,AI-generated synthetic data
2619,The engineer is learning the patient record.,English,AI-generated synthetic data
2620,Mo fẹ́ ọ̀gẹ̀dẹ̀ lónìí.,Yoruba,AI-generated synthetic data
2621,The manager is studying the farm equipment.,English,AI-generated synthetic data
2622,Ụmụaka ahụ na-arụ ọrụ n'ụlọ enyi m n'izu a.,Igbo,AI-generated synthetic data
2623,Manomin yana gina sabon aiki.,Hausa,AI-generated synthetic data
2624,Nwanyị ahụ jiri azụ na ngwụcha izu.,Igbo,AI-generated synthetic data
2625,Ụmụaka ahụ mere akwụkwọ echi.,Igbo,AI-generated synthetic data
2626,My brother is learning a mobile application.,English,AI-generated synthetic data
2627,My friend is reviewing the farm equipment.,English,AI-generated synthetic data
2628,Nwanyị ahụ na-aga n'ụlọ n'ehihie.,Igbo,AI-generated synthetic data
2629,Ta ni ó pè ọ?,Yoruba,AI-generated synthetic data
2630,Our team is organizing the inventory list.,English,AI-generated synthetic data
2631,Ụmụaka ahụ hụrụ igodo n'isi ụtụtụ.,Igbo,AI-generated synthetic data
2632,Nwanyị ahụ na-amụ ihe n'ọbá akwụkwọ echi.,Igbo,AI-generated synthetic data
2633,"Da safe, sabon shirin zai fara wata mai zuwa.",Hausa,AI-generated synthetic data
2634,Baba ṣe ẹ̀wà ní alẹ́.,Yoruba,AI-generated synthetic data
2635,The farmer is discussing the inventory list.,English,AI-generated synthetic data
2636,"Da safe, wa ke da alhakin kayan aikin?",Hausa,AI-generated synthetic data
2637,A teacher is discussing the training materials.,English,AI-generated synthetic data
2638,Ẹyin ṣe ọ̀gẹ̀dẹ̀ ní ọ̀sẹ̀ yìí.,Yoruba,AI-generated synthetic data
2639,My friend is organizing a research proposal.,English,AI-generated synthetic data
2640,Mai binciken yana gina shirin kasuwanci.,Hausa,AI-generated synthetic data
2641,Nwanne nwanyị m chọrọ igwefoto taa.,Igbo,AI-generated synthetic data
2642,Dalibin yana tattauna kayan horo.,Hausa,AI-generated synthetic data
2643,Dan uwana yana gyara samfurin koyon na'ura.,Hausa,AI-generated synthetic data
2644,"Tomorrow, she cooked rice for the whole family.",English,AI-generated synthetic data
2645,Ha wetara agwa n'abalị.,Igbo,AI-generated synthetic data
2646,Mo ń kọ́ ẹ̀kọ́ ní ọjà ní kutukutu.,Yoruba,AI-generated synthetic data
2647,The engineer is repairing the computer.,English,AI-generated synthetic data
2648,My friend is learning the delivery schedule.,English,AI-generated synthetic data
2649,Dókítà náà ń ṣiṣẹ́ ní ọjà ní òwúrọ̀.,Yoruba,AI-generated synthetic data
2650,Nwoke ahụ hụrụ nri n'abalị.,Igbo,AI-generated synthetic data
2651,Awa ń kọ́ ẹ̀kọ́ ní pápá lónìí.,Yoruba,AI-generated synthetic data
2652,Dọkịta ahụ na-aga n'ọgbọ egwuregwu n'ụtụtụ.,Igbo,AI-generated synthetic data
2653,The manager is reviewing the business plan.,English,AI-generated synthetic data
2654,Dọkịta ahụ bịara n'ụlọ enyi m n'ụtụtụ.,Igbo,AI-generated synthetic data
2655,"Tomorrow, the rain started shortly after we left.",English,AI-generated synthetic data
2656,My friend is planning a new project.,English,AI-generated synthetic data
2657,Malamin yana tsara bayanan taro.,Hausa,AI-generated synthetic data
2658,M mere azụ na ngwụcha izu.,Igbo,AI-generated synthetic data
2659,Nna jiri agwa na ngwụcha izu.,Igbo,AI-generated synthetic data
2660,Ọ zụtara uwe n'ụtụtụ.,Igbo,AI-generated synthetic data
2661,Ẹyin wà ní ilé ìwòsàn ní ọ̀sán.,Yoruba,AI-generated synthetic data
2662,"After lunch, the business owner opened the shop early.",English,AI-generated synthetic data
2663,Ọjọ́ rere ni,Yoruba,AI-generated synthetic data
2664,"Tomorrow, i would like to learn more about the course.",English,AI-generated synthetic data
2665,Dókítà náà wà ní ọgbà ẹ̀kọ́ lónìí.,Yoruba,AI-generated synthetic data
2666,Arákùnrin mi ń rìn ní ilé ọ̀rẹ́ mi ọ̀la.,Yoruba,AI-generated synthetic data
2667,Dókítà náà ń rìn ní ibùdó ọkọ̀ àná.,Yoruba,AI-generated synthetic data
2668,Our community is discussing a research proposal.,English,AI-generated synthetic data
2669,Ó lo àpò ní òwúrọ̀.,Yoruba,AI-generated synthetic data
2670,Unu chọrọ uwe n'ehihie.,Igbo,AI-generated synthetic data
2671,Nwoke ahụ nọ n'ụlọ ahịa n'oge.,Igbo,AI-generated synthetic data
2672,Onye nkụzi ahụ chọrọ akwụkwọ n'izu a.,Igbo,AI-generated synthetic data
2673,Arábìnrin mi dé sí ọgbà ní ìparí ọ̀sẹ̀.,Yoruba,AI-generated synthetic data
2674,The developer is organizing the patient record.,English,AI-generated synthetic data
2675,Nibo ni o ń lọ?,Yoruba,AI-generated synthetic data
2676,Wọ́n ń ṣiṣẹ́ ní ilé ọ̀rẹ́ mi ní òwúrọ̀.,Yoruba,AI-generated synthetic data
2677,Ọ̀rẹ́ mi ní ìrẹsì àná.,Yoruba,AI-generated synthetic data
2678,Likitan yana karatu kayan aikin gona.,Hausa,AI-generated synthetic data
2679,The engineer is reviewing the machine learning model.,English,AI-generated synthetic data
2680,The manager is reviewing the network connection.,English,AI-generated synthetic data
2681,Àwọn ọmọ dé sí pápá àná.,Yoruba,AI-generated synthetic data
2682,Mai binciken yana shirya jadawalin isar da kaya.,Hausa,AI-generated synthetic data
2683,The doctor is learning the meeting notes.,English,AI-generated synthetic data
2684,Nna zụtara ekwentị ụnyaahụ.,Igbo,AI-generated synthetic data
2685,Àwọn ará wa dé sí ọgbà ẹ̀kọ́ ní ìparí ọ̀sẹ̀.,Yoruba,AI-generated synthetic data
2686,"Gobe, dan kasuwa ya rubuta kowace ciniki a cikin littafi.",Hausa,AI-generated synthetic data
2687,Arábìnrin mi rí àkàrà ní ọ̀sán.,Yoruba,AI-generated synthetic data
2688,Injiniyan yana gyara kayan aikin gona.,Hausa,AI-generated synthetic data
2689,My friend is checking the meeting notes.,English,AI-generated synthetic data
2690,Onye agbata obi anyị zụtara igodo n'oge.,Igbo,AI-generated synthetic data
2691,The student is planning the report.,English,AI-generated synthetic data
2692,Injiniyan yana koyon bayanan taro.,Hausa,AI-generated synthetic data
2693,Àwọn ará wa ní àgbàdo ní ọ̀sán.,Yoruba,AI-generated synthetic data
2694,My friend is organizing the computer.,English,AI-generated synthetic data
2695,Nne na-aga n'okporo ụzọ n'ụtụtụ.,Igbo,AI-generated synthetic data
2696,The doctor is discussing the farm equipment.,English,AI-generated synthetic data
2697,"Today, the trader recorded every sale in a notebook.",English,AI-generated synthetic data
2698,Dan uwana yana duba manhajar waya.,Hausa,AI-generated synthetic data
2699,Likitan yana koyon bayanan mara lafiya.,Hausa,AI-generated synthetic data
2700,"After lunch, the model classifies short text into different languages.",English,AI-generated synthetic data
2701,Nwanne m chọrọ akpụkpọ ụkwụ echi.,Igbo,AI-generated synthetic data
2702,Dókítà náà rí ẹ̀fọ́ lónìí.,Yoruba,AI-generated synthetic data
2703,Dókítà náà dé sí ilé ìwé àná.,Yoruba,AI-generated synthetic data
2704,"Tomorrow, where can I buy fresh vegetables?",English,AI-generated synthetic data
2705,Àwọn ọmọ dé sí àgbègbè wa ní ọ̀sán.,Yoruba,AI-generated synthetic data
2706,Manajan yana bitar bayanan taro.,Hausa,AI-generated synthetic data
2707,Nígbà wo ni o máa dé?,Yoruba,AI-generated synthetic data
2708,Aládùúgbò wa mú kámẹ́rà lónìí.,Yoruba,AI-generated synthetic data
2709,"Gobe, allon bayanai yana nuna sabbin alkaluman kaya.",Hausa,AI-generated synthetic data
2710,Onye agbata obi anyị nwere azụ na ngwụcha izu.,Igbo,AI-generated synthetic data
2711,Aládùúgbò wa lọ sí ilé ìwé ní kutukutu.,Yoruba,AI-generated synthetic data
2712,The nurse is organizing the report.,English,AI-generated synthetic data
2713,Awa lọ sí ọjà ní òru.,Yoruba,AI-generated synthetic data
2714,Anyị wetara unere n'izu a.,Igbo,AI-generated synthetic data
2715,Our community is organizing the network connection.,English,AI-generated synthetic data
2716,Direban yana duba hanyar sadarwa.,Hausa,AI-generated synthetic data
2717,Olùkọ́ náà ń ṣiṣẹ́ ní ibùdó ọkọ̀ ọ̀la.,Yoruba,AI-generated synthetic data
2718,Arábìnrin mi ní kámẹ́rà ní ìparí ọ̀sẹ̀.,Yoruba,AI-generated synthetic data
2719,Tawagar mu yana bitar hanyar sadarwa.,Hausa,AI-generated synthetic data
2720,The developer is planning the inventory list.,English,AI-generated synthetic data
2721,Anyị hụrụ ọka n'izu a.,Igbo,AI-generated synthetic data
2722,Nwa ahụ na-aga n'ahịa ụnyaahụ.,Igbo,AI-generated synthetic data
2723,Ẹyin mú ẹ̀wà ní òwúrọ̀.,Yoruba,AI-generated synthetic data
2724,Nwoke ahụ na-arụ ọrụ n'ụlọ ahịa echi.,Igbo,AI-generated synthetic data
2725,Manajan yana koyon samfurin koyon na'ura.,Hausa,AI-generated synthetic data
2726,Anyị na-arụ ọrụ n'ahịa taa.,Igbo,AI-generated synthetic data
2727,Nne na-arụ ọrụ n'ụlọ enyi m n'izu a.,Igbo,AI-generated synthetic data
2728,The doctor is building the delivery schedule.,English,AI-generated synthetic data
2729,Onye agbata obi anyị hụrụ azụ n'oge.,Igbo,AI-generated synthetic data
2730,Mai shirye-shiryen yana gyara kayan aikin gona.,Hausa,AI-generated synthetic data
2731,The farmer is building the business plan.,English,AI-generated synthetic data
2732,The doctor is organizing the training materials.,English,AI-generated synthetic data
2733,Malamin yana karatu jadawalin makaranta.,Hausa,AI-generated synthetic data
2734,Onye agbata obi anyị hụrụ akwụkwọ taa.,Igbo,AI-generated synthetic data
2735,Baba ní àga ní òwúrọ̀.,Yoruba,AI-generated synthetic data
2736,The manager is building the machine learning model.,English,AI-generated synthetic data
2737,Àwọn ọmọ wà ní pápá ní ìparí ọ̀sẹ̀.,Yoruba,AI-generated synthetic data
2738,Mai shirye-shiryen yana gina jadawalin isar da kaya.,Hausa,AI-generated synthetic data
2739,The driver is reviewing the inventory list.,English,AI-generated synthetic data
2740,Onye agbata obi anyị zụtara azụ taa.,Igbo,AI-generated synthetic data
2741,Dókítà náà lo aṣọ ní òwúrọ̀.,Yoruba,AI-generated synthetic data
2742,Al'ummar yana shirya manhajar waya.,Hausa,AI-generated synthetic data
2743,The doctor is planning the network connection.,English,AI-generated synthetic data
2744,Nwanyị ahụ na-arụ ọrụ n'ọbá akwụkwọ n'abalị.,Igbo,AI-generated synthetic data
2745,The farmer is planning the patient record.,English,AI-generated synthetic data
2746,Arákùnrin mi fẹ́ kámẹ́rà ní ìparí ọ̀sẹ̀.,Yoruba,AI-generated synthetic data
2747,Gịnị ka ị na-eme?,Igbo,AI-generated synthetic data
2748,The manager is discussing the machine learning model.,English,AI-generated synthetic data
2749,Baba dé sí ilé ẹ̀kọ́ àná.,Yoruba,AI-generated synthetic data
2750,Mai binciken yana duba sabon aiki.,Hausa,AI-generated synthetic data
2751,Aládùúgbò wa dé sí ilé ọ̀rẹ́ mi ní òru.,Yoruba,AI-generated synthetic data
2752,Abokina yana shirya samfurin koyon na'ura.,Hausa,AI-generated synthetic data
2753,Àwọn ọmọ fẹ́ àpò ọ̀la.,Yoruba,AI-generated synthetic data
2754,Ọ na-eje ije n'ahịa n'ehihie.,Igbo,AI-generated synthetic data
2755,"Da yamma, za mu iya duba rahoton yau?",Hausa,AI-generated synthetic data
2756,Nwanne nwoke m chọrọ akwụkwọ n'isi ụtụtụ.,Igbo,AI-generated synthetic data
2757,The nurse is organizing a new project.,English,AI-generated synthetic data
2758,Ọ̀rẹ́ mi ṣe ẹ̀wà ní ọ̀sẹ̀ yìí.,Yoruba,AI-generated synthetic data
2759,"Jiya, mai kirkirar manhaja ya tsara hanya mai sauki ga masu amfani.",Hausa,AI-generated synthetic data
2760,A researcher is learning a research proposal.,English,AI-generated synthetic data
2761,Obìnrin náà ra àpò ọ̀la.,Yoruba,AI-generated synthetic data
2762,A teacher is building the inventory list.,English,AI-generated synthetic data
2763,Arákùnrin mi wà ní mọ́sáláṣí àná.,Yoruba,AI-generated synthetic data
2764,Àwọn ará wa lo oúnjẹ ní kutukutu.,Yoruba,AI-generated synthetic data
2765,Àwọn ọmọ ń ṣiṣẹ́ ní ọgbà ẹ̀kọ́ àná.,Yoruba,AI-generated synthetic data
2766,Ó ń ṣiṣẹ́ ní pápá lónìí.,Yoruba,AI-generated synthetic data
2767,Mo mú ẹja lónìí.,Yoruba,AI-generated synthetic data
2768,A researcher is checking a research proposal.,English,AI-generated synthetic data
2769,Tawagar mu yana shirya sabon aiki.,Hausa,AI-generated synthetic data
2770,Arábìnrin mi fẹ́ àkàrà ní kutukutu.,Yoruba,AI-generated synthetic data
2771,"Bayan cin abinci, manhajar tana adana bayanan masu amfani cikin tsaro.",Hausa,AI-generated synthetic data
2772,The nurse is learning the school timetable.,English,AI-generated synthetic data
2773,Ọ̀rẹ́ mi ń rìn ní ilé ìwé ní kutukutu.,Yoruba,AI-generated synthetic data
2774,Àwọn ará wa ń ṣiṣẹ́ ní ọjà ní kutukutu.,Yoruba,AI-generated synthetic data
2775,Ụmụaka ahụ zụtara ọka n'isi ụtụtụ.,Igbo,AI-generated synthetic data
2776,Nwanyị ahụ bịara n'ụlọ ọgwụ n'ehihie.,Igbo,AI-generated synthetic data
2777,Enyi m chọrọ anụ echi.,Igbo,AI-generated synthetic data
2778,Tawagar mu yana koyon jerin kaya.,Hausa,AI-generated synthetic data
2779,Aládùúgbò wa dé sí ọjà ní ọ̀sẹ̀ yìí.,Yoruba,AI-generated synthetic data
2780,Manajan yana gyara jadawalin isar da kaya.,Hausa,AI-generated synthetic data
2781,Nwanyị ahụ na-eje ije n'chọọchị ụnyaahụ.,Igbo,AI-generated synthetic data
2782,The developer is organizing the meeting notes.,English,AI-generated synthetic data
2783,Nwanne m chọrọ igwefoto na ngwụcha izu.,Igbo,AI-generated synthetic data
2784,Malamin yana duba kayan aikin gona.,Hausa,AI-generated synthetic data
2785,My friend is organizing the inventory list.,English,AI-generated synthetic data
2786,Our community is learning the delivery schedule.,English,AI-generated synthetic data
2787,Ó ṣe ìrẹsì ní ọ̀sán.,Yoruba,AI-generated synthetic data
2788,Mama ń rìn ní ilé ẹ̀kọ́ ní òru.,Yoruba,AI-generated synthetic data
2789,Nwanne nwanyị m mere mmiri n'ehihie.,Igbo,AI-generated synthetic data
2790,The driver is learning a mobile application.,English,AI-generated synthetic data
2791,The developer is planning the business plan.,English,AI-generated synthetic data
2792,The engineer is reviewing a mobile application.,English,AI-generated synthetic data
2793,Obìnrin náà dé sí ilé ẹ̀kọ́ ní alẹ́.,Yoruba,AI-generated synthetic data
2794,Olùkọ́ náà wà ní ilé ìtajà ọ̀la.,Yoruba,AI-generated synthetic data
2795,Mama ń kọ́ ẹ̀kọ́ ní ibùdó ọkọ̀ àná.,Yoruba,AI-generated synthetic data
2796,A máa rí ara wa,Yoruba,AI-generated synthetic data
2797,Dan uwana yana gyara jadawalin makaranta.,Hausa,AI-generated synthetic data
2798,The manager is preparing the business plan.,English,AI-generated synthetic data
2799,A researcher is organizing the delivery schedule.,English,AI-generated synthetic data
2800,Baba ń rìn ní òpópónà ní òru.,Yoruba,AI-generated synthetic data
2801,Ẹ káàsán,Yoruba,AI-generated synthetic data
2802,Arábìnrin mi dé sí òpópónà ọ̀la.,Yoruba,AI-generated synthetic data
2803,"In the evening, the electricity went off during the evening.",English,AI-generated synthetic data
2804,Our team is checking the machine learning model.,English,AI-generated synthetic data
2805,M hụrụ akpa echi.,Igbo,AI-generated synthetic data
2806,Manomin yana karatu jadawalin isar da kaya.,Hausa,AI-generated synthetic data
2807,Dókítà náà mú àkàrà ní òru.,Yoruba,AI-generated synthetic data
2808,Mo mú ìrẹsì àná.,Yoruba,AI-generated synthetic data
2809,Dókítà náà ń rìn ní mọ́sáláṣí ní ọ̀sẹ̀ yìí.,Yoruba,AI-generated synthetic data
2810,"During the meeting, my sister bought a new pair of shoes.",English,AI-generated synthetic data
2811,"Yesterday, the trader recorded every sale in a notebook.",English,AI-generated synthetic data
2812,My friend is reviewing the computer.,English,AI-generated synthetic data
2813,Obìnrin náà fẹ́ tábìlì ní òwúrọ̀.,Yoruba,AI-generated synthetic data
2814,Onye nkụzi ahụ na-amụ ihe n'ụlọ ọgwụ echi.,Igbo,AI-generated synthetic data
2815,Ha jiri oche n'izu a.,Igbo,AI-generated synthetic data
2816,The manager is organizing the inventory list.,English,AI-generated synthetic data
2817,Mai kirkirar manhaja ya tsara hanya mai sauki ga masu amfani.,Hausa,AI-generated synthetic data
2818,Our team is preparing a research proposal.,English,AI-generated synthetic data
2819,Nwa ahụ jiri mmiri ụnyaahụ.,Igbo,AI-generated synthetic data
2820,Dókítà náà ra tábìlì lónìí.,Yoruba,AI-generated synthetic data
2821,"Da yamma, barka da safiya, ina fatan kana cikin koshin lafiya.",Hausa,AI-generated synthetic data
2822,Mai shirye-shiryen yana duba bayanan mara lafiya.,Hausa,AI-generated synthetic data
2823,Onye nkụzi ahụ na-arụ ọrụ n'ụlọ akwụkwọ n'izu a.,Igbo,AI-generated synthetic data
2824,Ụmụaka ahụ hụrụ akpa n'izu a.,Igbo,AI-generated synthetic data
2825,Direban yana tsara manhajar waya.,Hausa,AI-generated synthetic data
2826,"In the afternoon, we should leave early to avoid traffic.",English,AI-generated synthetic data
2827,A researcher is repairing a new project.,English,AI-generated synthetic data
2828,The manager is reviewing the meeting notes.,English,AI-generated synthetic data
2829,"Jiya, makaniki ya sauya bangaren da ya lalace.",Hausa,AI-generated synthetic data
2830,Dalibin yana tsara shirin kasuwanci.,Hausa,AI-generated synthetic data
2831,Ha chọrọ oche n'ụtụtụ.,Igbo,AI-generated synthetic data
2832,M chọrọ ọka n'isi ụtụtụ.,Igbo,AI-generated synthetic data
2833,"After lunch, good morning, I hope you are doing well.",English,AI-generated synthetic data
2834,Ụmụaka ahụ nwere igodo na ngwụcha izu.,Igbo,AI-generated synthetic data
2835,Tawagar mu yana bitar shirin kasuwanci.,Hausa,AI-generated synthetic data
2836,"Da rana, muna bukatar karin bayani kafin mu yanke hukunci.",Hausa,AI-generated synthetic data
2837,Abokina yana gyara jadawalin makaranta.,Hausa,AI-generated synthetic data
2838,Likitan yana koyon sabon aiki.,Hausa,AI-generated synthetic data
2839,Nwanne m hụrụ osikapa ụnyaahụ.,Igbo,AI-generated synthetic data
2840,Obìnrin náà ṣe kámẹ́rà àná.,Yoruba,AI-generated synthetic data
2841,Mai binciken yana shirya samfurin koyon na'ura.,Hausa,AI-generated synthetic data
2842,Nwoke ahụ nwere azụ n'izu a.,Igbo,AI-generated synthetic data
2843,Mama fẹ́ ìrẹsì ọ̀la.,Yoruba,AI-generated synthetic data
2844,Nna nwere nri ụnyaahụ.,Igbo,AI-generated synthetic data
2845,A researcher is repairing the meeting notes.,English,AI-generated synthetic data
2846,Ka ọ dị,Igbo,AI-generated synthetic data
2847,Baba fẹ́ oúnjẹ ní òwúrọ̀.,Yoruba,AI-generated synthetic data
2848,The farmer is repairing a new project.,English,AI-generated synthetic data
2849,"Yesterday, the community organized a clean-up exercise on Saturday.",English,AI-generated synthetic data
2850,"In the afternoon, where is the nearest hospital?",English,AI-generated synthetic data
2851,Unu nwere uwe n'ụtụtụ.,Igbo,AI-generated synthetic data
2852,Mai binciken yana karatu hanyar sadarwa.,Hausa,AI-generated synthetic data
2853,Unu nọ n'ọbá akwụkwọ n'izu a.,Igbo,AI-generated synthetic data
2854,Awa ń ṣiṣẹ́ ní ọjà lónìí.,Yoruba,AI-generated synthetic data
2855,"Da yamma, wa ke da alhakin kayan aikin?",Hausa,AI-generated synthetic data
2856,The engineer is checking the machine learning model.,English,AI-generated synthetic data
2857,"Yayin taro, za ka iya taimaka min da wannan matsalar?",Hausa,AI-generated synthetic data
2858,Likitan yana shirya takardar bincike.,Hausa,AI-generated synthetic data
2859,Our community is repairing the business plan.,English,AI-generated synthetic data
2860,Our team is reviewing the computer.,English,AI-generated synthetic data
2861,The developer is reviewing the computer.,English,AI-generated synthetic data
2862,The manager is checking the business plan.,English,AI-generated synthetic data
2863,Direban yana duba sabon aiki.,Hausa,AI-generated synthetic data
2864,My friend is planning the delivery schedule.,English,AI-generated synthetic data
2865,Mai binciken yana duba hanyar sadarwa.,Hausa,AI-generated synthetic data
2866,Ọmọ náà ń kọ́ ẹ̀kọ́ ní mọ́sáláṣí ní alẹ́.,Yoruba,AI-generated synthetic data
2867,Direban yana tsara sabon aiki.,Hausa,AI-generated synthetic data
2868,Mai shirye-shiryen yana shirya bayanan taro.,Hausa,AI-generated synthetic data
2869,Nwoke ahụ wetara uwe n'oge.,Igbo,AI-generated synthetic data
2870,The driver is planning the report.,English,AI-generated synthetic data
2871,Nwanne nwanyị m nwere akpụkpọ ụkwụ echi.,Igbo,AI-generated synthetic data
2872,"A gida, zan ziyarci abokina gobe.",Hausa,AI-generated synthetic data
2873,Àwọn ọmọ ń ṣiṣẹ́ ní mọ́sáláṣí ní ìparí ọ̀sẹ̀.,Yoruba,AI-generated synthetic data
2874,Mama lo ẹ̀wà ní ọ̀sẹ̀ yìí.,Yoruba,AI-generated synthetic data
2875,Kedu mgbe ị ga-abịa?,Igbo,AI-generated synthetic data
2876,Ọkùnrin náà lọ sí ilé ọ̀rẹ́ mi àná.,Yoruba,AI-generated synthetic data
2877,Onye nkụzi ahụ zụtara akwụkwọ nri n'ụtụtụ.,Igbo,AI-generated synthetic data
2878,"Yesterday, everyone should follow the safety instructions.",English,AI-generated synthetic data
2879,"Bayan cin abinci, fasinjoji sun jira cikin hakuri a tashar mota.",Hausa,AI-generated synthetic data
2880,Àwọn ará wa ń rìn ní ilé ìwòsàn ní ọ̀sán.,Yoruba,AI-generated synthetic data
2881,Ọkùnrin náà dé sí ọ́fíìsì ní òwúrọ̀.,Yoruba,AI-generated synthetic data
2882,Akẹ́kọ̀ọ́ náà ní ẹ̀fọ́ lónìí.,Yoruba,AI-generated synthetic data
2883,Nwa ahụ jiri oche n'ehihie.,Igbo,AI-generated synthetic data
2884,Nwanne nwoke m zụtara akwụkwọ nri echi.,Igbo,AI-generated synthetic data
2885,The driver is checking a new project.,English,AI-generated synthetic data
2886,Nwanne m hụrụ mmiri n'isi ụtụtụ.,Igbo,AI-generated synthetic data
2887,Ọmọ náà fẹ́ omi ní òru.,Yoruba,AI-generated synthetic data
2888,Tawagar mu yana karatu manhajar waya.,Hausa,AI-generated synthetic data
2889,Our community is building a new project.,English,AI-generated synthetic data
2890,"A wurin aiki, rumbun bayanai yana dauke da bayanai daga wurare da dama.",Hausa,AI-generated synthetic data
2891,Ọ̀rẹ́ mi ń kọ́ ẹ̀kọ́ ní ọjà ní ọ̀sán.,Yoruba,AI-generated synthetic data
2892,Manomin yana karatu jerin kaya.,Hausa,AI-generated synthetic data
2893,M mere osikapa echi.,Igbo,AI-generated synthetic data
2894,Obìnrin náà lo ìwé ọ̀la.,Yoruba,AI-generated synthetic data
2895,Arábìnrin mi ra bàtà ní ọ̀sán.,Yoruba,AI-generated synthetic data
2896,Baba ń ṣiṣẹ́ ní òpópónà àná.,Yoruba,AI-generated synthetic data
2897,The developer is discussing the farm equipment.,English,AI-generated synthetic data
2898,Ị nwere ike inyere m aka?,Igbo,AI-generated synthetic data
2899,The manager is learning the training materials.,English,AI-generated synthetic data
2900,The driver is studying the delivery schedule.,English,AI-generated synthetic data
2901,Ọ mere azụ echi.,Igbo,AI-generated synthetic data
2902,Akẹ́kọ̀ọ́ náà wà ní àgbègbè wa ní òru.,Yoruba,AI-generated synthetic data
2903,"At home, the workers completed the installation before sunset.",English,AI-generated synthetic data
2904,Onye agbata obi anyị na-aga n'okporo ụzọ na ngwụcha izu.,Igbo,AI-generated synthetic data
2905,Likitan yana gyara bayanan taro.,Hausa,AI-generated synthetic data
2906,Our community is reviewing the inventory list.,English,AI-generated synthetic data
2907,Nna na-aga n'ụlọ enyi m n'ụtụtụ.,Igbo,AI-generated synthetic data
2908,Dọkịta ahụ na-amụ ihe n'chọọchị taa.,Igbo,AI-generated synthetic data
2909,Unu zụtara ekwentị n'izu a.,Igbo,AI-generated synthetic data
2910,Mai shirye-shiryen yana gina shirin kasuwanci.,Hausa,AI-generated synthetic data
2911,Anyị bịara n'okporo ụzọ n'oge.,Igbo,AI-generated synthetic data
2912,Dan uwana yana tsara sabon aiki.,Hausa,AI-generated synthetic data
2913,Ọ̀rẹ́ mi ní ẹran ní ọ̀sẹ̀ yìí.,Yoruba,AI-generated synthetic data
2914,"A wurin aiki, tawagar ta kammala aikin akan lokaci.",Hausa,AI-generated synthetic data
2915,Ha hụrụ kọmputa n'ụtụtụ.,Igbo,AI-generated synthetic data
2916,"During the meeting, the meeting was longer than expected.",English,AI-generated synthetic data
2917,Wọ́n wà ní ilé ìwé lónìí.,Yoruba,AI-generated synthetic data
2918,Àwọn ọmọ dé sí ọjà ní òru.,Yoruba,AI-generated synthetic data
2919,Ẹyin mú ọ̀gẹ̀dẹ̀ lónìí.,Yoruba,AI-generated synthetic data
2920,Ma'aikaciyar jinya yana gyara kayan horo.,Hausa,AI-generated synthetic data
2921,Our community is building a research proposal.,English,AI-generated synthetic data
2922,Arákùnrin mi ní kámẹ́rà ní kutukutu.,Yoruba,AI-generated synthetic data
2923,Mo dé sí ọgbà ní alẹ́.,Yoruba,AI-generated synthetic data
2924,Ọ̀rẹ́ mi ṣe fóònù ní ìparí ọ̀sẹ̀.,Yoruba,AI-generated synthetic data
2925,Arábìnrin mi lọ sí pápá ní òwúrọ̀.,Yoruba,AI-generated synthetic data
2926,Mama lo àga àná.,Yoruba,AI-generated synthetic data
2927,"Da yamma, ma'aikacin hanyar sadarwa ya duba na'urar router.",Hausa,AI-generated synthetic data
2928,Ọmọ náà dé sí ilé ẹ̀kọ́ ní ìparí ọ̀sẹ̀.,Yoruba,AI-generated synthetic data
2929,Ọkùnrin náà fẹ́ tábìlì àná.,Yoruba,AI-generated synthetic data
2930,Al'ummar yana karatu rahoton.,Hausa,AI-generated synthetic data
2931,Dan uwana yana gina manhajar waya.,Hausa,AI-generated synthetic data
2932,Direban yana tattauna takardar bincike.,Hausa,AI-generated synthetic data
2933,Malamin yana koyon rahoton.,Hausa,AI-generated synthetic data
2934,Al'ummar yana koyon kayan horo.,Hausa,AI-generated synthetic data
2935,Al'ummar yana koyon samfurin koyon na'ura.,Hausa,AI-generated synthetic data
2936,Aládùúgbò wa mú ìwé ní òru.,Yoruba,AI-generated synthetic data
2937,Ọkùnrin náà rí ìwé lónìí.,Yoruba,AI-generated synthetic data
2938,Dókítà náà ń kọ́ ẹ̀kọ́ ní ọgbà ẹ̀kọ́ ní ọ̀sẹ̀ yìí.,Yoruba,AI-generated synthetic data
2939,The student is checking the inventory list.,English,AI-generated synthetic data
2940,Nna mere akwụkwọ nri ụnyaahụ.,Igbo,AI-generated synthetic data
2941,The student is building the computer.,English,AI-generated synthetic data
2942,Direban yana bitar bayanan mara lafiya.,Hausa,AI-generated synthetic data
2943,The driver is preparing the farm equipment.,English,AI-generated synthetic data
2944,The doctor is studying the machine learning model.,English,AI-generated synthetic data
2945,Dalibin yana koyon rahoton.,Hausa,AI-generated synthetic data
2946,"At home, i am going to the market this morning.",English,AI-generated synthetic data
2947,Malamin yana gina shirin kasuwanci.,Hausa,AI-generated synthetic data
2948,Nwanne nwoke m hụrụ anụ n'ụtụtụ.,Igbo,AI-generated synthetic data
2949,Olùkọ́ náà ń kọ́ ẹ̀kọ́ ní pápá ní kutukutu.,Yoruba,AI-generated synthetic data
2950,Mai shirye-shiryen yana bitar rahoton.,Hausa,AI-generated synthetic data
2951,Nwanne m jiri ekwentị ụnyaahụ.,Igbo,AI-generated synthetic data
2952,Manajan yana tattauna hanyar sadarwa.,Hausa,AI-generated synthetic data
2953,Ị mere azụ taa.,Igbo,AI-generated synthetic data
2954,The manager is building the farm equipment.,English,AI-generated synthetic data
2955,Ọmọ náà ṣe ẹ̀fọ́ ní alẹ́.,Yoruba,AI-generated synthetic data
2956,"In the afternoon, the database contains records from several locations.",English,AI-generated synthetic data
2957,"At work, when will the meeting begin?",English,AI-generated synthetic data
2958,"At work, she cooked rice for the whole family.",English,AI-generated synthetic data
2959,Àwọn ọmọ ń rìn ní ọgbà ẹ̀kọ́ ní òru.,Yoruba,AI-generated synthetic data
2960,A teacher is organizing the network connection.,English,AI-generated synthetic data
2961,Ụmụaka ahụ jiri azụ n'izu a.,Igbo,AI-generated synthetic data
2962,The engineer is preparing a research proposal.,English,AI-generated synthetic data
2963,Àwọn ọmọ mú ẹja ní òru.,Yoruba,AI-generated synthetic data
2964,Nwanne nwanyị m nọ n'ọdụ ụgbọala n'ehihie.,Igbo,AI-generated synthetic data
2965,Mai binciken yana gyara kwamfutar.,Hausa,AI-generated synthetic data
2966,Mama ra ìrẹsì àná.,Yoruba,AI-generated synthetic data
2967,Wọ́n ń rìn ní ọjà lónìí.,Yoruba,AI-generated synthetic data
2968,Awa wà ní pápá ọ̀la.,Yoruba,AI-generated synthetic data
2969,My friend is checking the patient record.,English,AI-generated synthetic data
2970,Dalibin yana bitar shirin kasuwanci.,Hausa,AI-generated synthetic data
2971,Direban yana bitar jerin kaya.,Hausa,AI-generated synthetic data
2972,Tawagar mu yana tsara kwamfutar.,Hausa,AI-generated synthetic data
2973,Nna na-eje ije n'ọdụ ụgbọala n'oge.,Igbo,AI-generated synthetic data
2974,Akẹ́kọ̀ọ́ náà wà ní ilé ìwòsàn ọ̀la.,Yoruba,AI-generated synthetic data
2975,The student is building the report.,English,AI-generated synthetic data
2976,Nwanne m zụtara osikapa n'isi ụtụtụ.,Igbo,AI-generated synthetic data
2977,Dókítà náà ra ẹ̀fọ́ ní ọ̀sán.,Yoruba,AI-generated synthetic data
2978,Unu na-amụ ihe n'okporo ụzọ ụnyaahụ.,Igbo,AI-generated synthetic data
2979,Our community is reviewing the delivery schedule.,English,AI-generated synthetic data
2980,Nna chọrọ kọmputa na ngwụcha izu.,Igbo,AI-generated synthetic data
2981,O fẹ́ àgbàdo ní ìparí ọ̀sẹ̀.,Yoruba,AI-generated synthetic data
2982,Manajan yana tsara rahoton.,Hausa,AI-generated synthetic data
2983,Our community is learning the business plan.,English,AI-generated synthetic data
2984,Baba dé sí ilé ọ̀rẹ́ mi ní ọ̀sẹ̀ yìí.,Yoruba,AI-generated synthetic data
2985,Enyi m na-arụ ọrụ n'ọfịs n'abalị.,Igbo,AI-generated synthetic data
2986,"Jiya, me ya jawo jinkirin?",Hausa,AI-generated synthetic data
2987,Ó dára,Yoruba,AI-generated synthetic data
2988,Abokina yana tsara manhajar waya.,Hausa,AI-generated synthetic data
2989,"At home, the developer created a simple interface for the users.",English,AI-generated synthetic data
2990,A teacher is discussing the patient record.,English,AI-generated synthetic data
2991,Manajan yana duba shirin kasuwanci.,Hausa,AI-generated synthetic data
2992,Tawagar mu yana karatu samfurin koyon na'ura.,Hausa,AI-generated synthetic data
2993,Mai binciken yana karatu jadawalin isar da kaya.,Hausa,AI-generated synthetic data
2994,Ẹ ṣé,Yoruba,AI-generated synthetic data
2995,Tawagar mu yana gyara sabon aiki.,Hausa,AI-generated synthetic data
2996,The engineer is organizing the delivery schedule.,English,AI-generated synthetic data
2997,Malamin yana shirya kayan horo.,Hausa,AI-generated synthetic data
2998,Dan uwana yana duba sabon aiki.,Hausa,AI-generated synthetic data
2999,Nne zụtara osikapa ụnyaahụ.,Igbo,AI-generated synthetic data
3000,Nna bịara n'ọdụ ụgbọala ụnyaahụ.,Igbo,AI-generated synthetic data
3001,"Yayin taro, yaushe za a fara taron?",Hausa,AI-generated synthetic data
3002,Awa lo àgbàdo ní kutukutu.,Yoruba,AI-generated synthetic data
3003,Aládùúgbò wa mú àkàrà ní kutukutu.,Yoruba,AI-generated synthetic data
3004,The nurse is learning a mobile application.,English,AI-generated synthetic data
3005,Nwanyị ahụ na-eje ije n'ụlọ n'ehihie.,Igbo,AI-generated synthetic data
3006,The nurse is checking a new project.,English,AI-generated synthetic data
3007,Mai binciken yana bitar jadawalin isar da kaya.,Hausa,AI-generated synthetic data
3008,Ọkùnrin náà ń rìn ní pápá ní alẹ́.,Yoruba,AI-generated synthetic data
3009,Anyị na-eje ije n'ụlọ akwụkwọ n'izu a.,Igbo,AI-generated synthetic data
3010,Our community is learning the inventory list.,English,AI-generated synthetic data
3011,A researcher is organizing the meeting notes.,English,AI-generated synthetic data
3012,Dókítà náà ṣe ẹran àná.,Yoruba,AI-generated synthetic data
3013,Ẹyin ra fóònù ní ọ̀sẹ̀ yìí.,Yoruba,AI-generated synthetic data
3014,Mo mú kọ́kọ́rọ́ ní alẹ́.,Yoruba,AI-generated synthetic data
3015,Manomin yana shirya kwamfutar.,Hausa,AI-generated synthetic data
3016,Nwanne m na-amụ ihe n'ụlọ ọgwụ n'abalị.,Igbo,AI-generated synthetic data
3017,My friend is discussing the patient record.,English,AI-generated synthetic data
3018,Nwanyị ahụ na-amụ ihe n'okporo ụzọ n'ehihie.,Igbo,AI-generated synthetic data
3019,Onye nkụzi ahụ jiri akpụkpọ ụkwụ echi.,Igbo,AI-generated synthetic data
3020,The driver is repairing the meeting notes.,English,AI-generated synthetic data
3021,"Da yamma, yaushe ya kamata in gabatar da takardar neman aiki?",Hausa,AI-generated synthetic data
3022,The manager is learning the farm equipment.,English,AI-generated synthetic data
3023,Enyi m zụtara anụ ụnyaahụ.,Igbo,AI-generated synthetic data
3024,"A gida, ma'aikaciyar jinya ta duba zafin jikin mara lafiya.",Hausa,AI-generated synthetic data
3025,The driver is planning the patient record.,English,AI-generated synthetic data
3026,The manager is planning the business plan.,English,AI-generated synthetic data
3027,Ọmọ náà lo omi àná.,Yoruba,AI-generated synthetic data
3028,"In the afternoon, i would like to learn more about the course.",English,AI-generated synthetic data
3029,Arákùnrin mi dé sí ilé ìtajà lónìí.,Yoruba,AI-generated synthetic data
3030,Onye nkụzi ahụ hụrụ ji n'isi ụtụtụ.,Igbo,AI-generated synthetic data
3031,The farmer is reviewing the network connection.,English,AI-generated synthetic data
3032,Aládùúgbò wa ń rìn ní òpópónà ní òwúrọ̀.,Yoruba,AI-generated synthetic data
3033,Arákùnrin mi rí ẹran lónìí.,Yoruba,AI-generated synthetic data
3034,Dalibin yana tsara hanyar sadarwa.,Hausa,AI-generated synthetic data
3035,Wọ́n mú àgbàdo ní ọ̀sẹ̀ yìí.,Yoruba,AI-generated synthetic data
3036,Ọ jiri ọka n'oge.,Igbo,AI-generated synthetic data
3037,Àwọn ará wa lọ sí òpópónà ní ìparí ọ̀sẹ̀.,Yoruba,AI-generated synthetic data
3038,Nwoke ahụ chọrọ tebụl n'ụtụtụ.,Igbo,AI-generated synthetic data
3039,Dalibin yana gyara rahoton.,Hausa,AI-generated synthetic data
3040,Nne bịara n'ọgbọ egwuregwu n'izu a.,Igbo,AI-generated synthetic data
3041,Manomin yana shirya bayanan mara lafiya.,Hausa,AI-generated synthetic data
3042,Awa ṣe ìrẹsì ní òru.,Yoruba,AI-generated synthetic data
3043,Ọ̀rẹ́ mi lọ sí ibùdó ọkọ̀ ní ọ̀sẹ̀ yìí.,Yoruba,AI-generated synthetic data
3044,O ń ṣiṣẹ́ ní ilé ẹ̀kọ́ ní òwúrọ̀.,Yoruba,AI-generated synthetic data
3045,Arákùnrin mi mú kọ̀ǹpútà ní ìparí ọ̀sẹ̀.,Yoruba,AI-generated synthetic data
3046,Anyị mere ọka n'ehihie.,Igbo,AI-generated synthetic data
3047,Baba ń ṣiṣẹ́ ní àgbègbè wa ní alẹ́.,Yoruba,AI-generated synthetic data
3048,Abokina yana karatu bayanan mara lafiya.,Hausa,AI-generated synthetic data
3049,Our community is learning the computer.,English,AI-generated synthetic data
3050,Dókítà náà ní ìwé ní ọ̀sẹ̀ yìí.,Yoruba,AI-generated synthetic data
3051,Where is the nearest hospital?,English,AI-generated synthetic data
3052,The nurse is studying a research proposal.,English,AI-generated synthetic data
3053,Ị jiri ọka n'ehihie.,Igbo,AI-generated synthetic data
3054,"Bayan cin abinci, muna bukatar karin bayani kafin mu yanke hukunci.",Hausa,AI-generated synthetic data
3055,The developer is studying the school timetable.,English,AI-generated synthetic data
3056,The doctor is learning the computer.,English,AI-generated synthetic data
3057,Unu nwere oche taa.,Igbo,AI-generated synthetic data
3058,Our team is organizing the school timetable.,English,AI-generated synthetic data
3059,We need more information before making a decision.,English,AI-generated synthetic data
3060,Karfe nawa motar bas za ta tashi?,Hausa,AI-generated synthetic data
3061,Baba ń rìn ní àgbègbè wa ní ọ̀sẹ̀ yìí.,Yoruba,AI-generated synthetic data
3062,My friend is checking a mobile application.,English,AI-generated synthetic data
3063,Nna bịara n'ọbá akwụkwọ n'izu a.,Igbo,AI-generated synthetic data
3064,Obìnrin náà mú aṣọ ní òru.,Yoruba,AI-generated synthetic data
3065,Ọkùnrin náà ń rìn ní ilé ìtajà ní ìparí ọ̀sẹ̀.,Yoruba,AI-generated synthetic data
3066,Aládùúgbò wa rí ẹ̀fọ́ àná.,Yoruba,AI-generated synthetic data
3067,Unu na-arụ ọrụ n'ụlọ ọgwụ ụnyaahụ.,Igbo,AI-generated synthetic data
3068,The doctor is studying the business plan.,English,AI-generated synthetic data
3069,The doctor is building the school timetable.,English,AI-generated synthetic data
3070,Al'ummar yana tattauna manhajar waya.,Hausa,AI-generated synthetic data
3071,Nwoke ahụ hụrụ azụ na ngwụcha izu.,Igbo,AI-generated synthetic data
3072,Nwanne m nọ n'chọọchị ụnyaahụ.,Igbo,AI-generated synthetic data
3073,Arákùnrin mi ń kọ́ ẹ̀kọ́ ní ilé ìtajà ní ọ̀sán.,Yoruba,AI-generated synthetic data
3074,My friend is checking the delivery schedule.,English,AI-generated synthetic data
3075,Onye nkụzi ahụ na-eje ije n'ahịa taa.,Igbo,AI-generated synthetic data
3076,Mai shirye-shiryen yana tattauna manhajar waya.,Hausa,AI-generated synthetic data
3077,Abokina yana tattauna shirin kasuwanci.,Hausa,AI-generated synthetic data
3078,Akẹ́kọ̀ọ́ náà ní ìwé ní kutukutu.,Yoruba,AI-generated synthetic data
3079,Nwanyị ahụ na-eje ije n'ọgbọ egwuregwu n'izu a.,Igbo,AI-generated synthetic data
3080,Nwanne nwanyị m na-eje ije n'ụlọ enyi m echi.,Igbo,AI-generated synthetic data
3081,Malamin yana tsara shirin kasuwanci.,Hausa,AI-generated synthetic data
3082,Ị wetara akpa taa.,Igbo,AI-generated synthetic data
3083,Malamin yana bitar sabon aiki.,Hausa,AI-generated synthetic data
3084,Injiniyan yana karatu shirin kasuwanci.,Hausa,AI-generated synthetic data
3085,Nne chọrọ osikapa echi.,Igbo,AI-generated synthetic data
3086,M na-aga n'ụlọ ekpere n'isi ụtụtụ.,Igbo,AI-generated synthetic data
3087,The manager is planning a research proposal.,English,AI-generated synthetic data
3088,"Today, when should I submit the application?",English,AI-generated synthetic data
3089,Anyị nwere oche n'izu a.,Igbo,AI-generated synthetic data
3090,The engineer is planning the delivery schedule.,English,AI-generated synthetic data
3091,Manomin yana koyon bayanan mara lafiya.,Hausa,AI-generated synthetic data
3092,Ọ̀rẹ́ mi mú fóònù ní ọ̀sẹ̀ yìí.,Yoruba,AI-generated synthetic data
3093,Obìnrin náà ń rìn ní àgbègbè wa àná.,Yoruba,AI-generated synthetic data
3094,"Yesterday, the network administrator checked the router.",English,AI-generated synthetic data
3095,Awa ń kọ́ ẹ̀kọ́ ní ilé ìwòsàn ní kutukutu.,Yoruba,AI-generated synthetic data
3096,"Yau, mun gwada API kafin mu hada shi da manhajar.",Hausa,AI-generated synthetic data
3097,Ọmọ náà rí kọ̀ǹpútà ní ìparí ọ̀sẹ̀.,Yoruba,AI-generated synthetic data
3098,Mama ń kọ́ ẹ̀kọ́ ní ilé ní ìparí ọ̀sẹ̀.,Yoruba,AI-generated synthetic data
3099,The developer is planning the school timetable.,English,AI-generated synthetic data
3100,Malamin yana tattauna bayanan taro.,Hausa,AI-generated synthetic data
3101,The doctor is planning the delivery schedule.,English,AI-generated synthetic data
3102,Nna nwere oche n'ụtụtụ.,Igbo,AI-generated synthetic data
3103,Nne na-amụ ihe n'okporo ụzọ na ngwụcha izu.,Igbo,AI-generated synthetic data
3104,Manomin yana gina shirin kasuwanci.,Hausa,AI-generated synthetic data
3105,Mai shirye-shiryen yana shirya kayan aikin gona.,Hausa,AI-generated synthetic data
3106,Arábìnrin mi rí kámẹ́rà ní kutukutu.,Yoruba,AI-generated synthetic data
3107,Dalibin yana shirya takardar bincike.,Hausa,AI-generated synthetic data
3108,Dan uwana yana karatu hanyar sadarwa.,Hausa,AI-generated synthetic data
3109,Àwọn ọmọ ń kọ́ ẹ̀kọ́ ní ilé ìwòsàn ní ọ̀sán.,Yoruba,AI-generated synthetic data
3110,Ị nwere akpa n'ehihie.,Igbo,AI-generated synthetic data
3111,Akẹ́kọ̀ọ́ náà rí ìwé ní òru.,Yoruba,AI-generated synthetic data
3112,Onye agbata obi anyị na-eje ije n'okporo ụzọ na ngwụcha izu.,Igbo,AI-generated synthetic data
3113,Nwoke ahụ nọ n'ụlọ enyi m n'ụtụtụ.,Igbo,AI-generated synthetic data
3114,Al'ummar yana tattauna jadawalin makaranta.,Hausa,AI-generated synthetic data
3115,Ọmọ náà ń kọ́ ẹ̀kọ́ ní ilé ẹ̀kọ́ àná.,Yoruba,AI-generated synthetic data
3116,Our community is reviewing the business plan.,English,AI-generated synthetic data
3117,"Da rana, mai bincike ya kwatanta samfurin koyon na'ura daban-daban.",Hausa,AI-generated synthetic data
3118,The engineer is studying the machine learning model.,English,AI-generated synthetic data
3119,"Yau, direban ya jira fasinjoji kusa da tashar mota.",Hausa,AI-generated synthetic data
3120,Nwa ahụ mere oche echi.,Igbo,AI-generated synthetic data
3121,A teacher is studying the network connection.,English,AI-generated synthetic data
3122,Malamin yana tsara kwamfutar.,Hausa,AI-generated synthetic data
3123,Manomin yana gyara kayan horo.,Hausa,AI-generated synthetic data
3124,Nwanne nwoke m na-arụ ọrụ n'chọọchị na ngwụcha izu.,Igbo,AI-generated synthetic data
3125,"At home, when will the meeting begin?",English,AI-generated synthetic data
3126,Ó mú àpò ọ̀la.,Yoruba,AI-generated synthetic data
3127,Wọ́n ní fóònù ní kutukutu.,Yoruba,AI-generated synthetic data
3128,M na-arụ ọrụ n'chọọchị na ngwụcha izu.,Igbo,AI-generated synthetic data
3129,Enyi m jiri ekwentị echi.,Igbo,AI-generated synthetic data
3130,Nna na-amụ ihe n'chọọchị n'oge.,Igbo,AI-generated synthetic data
3131,"Yayin taro, mun tsaftace bayanan kafin horar da samfurin.",Hausa,AI-generated synthetic data
3132,Onye agbata obi anyị nọ n'ahịa n'oge.,Igbo,AI-generated synthetic data
3133,Ị na-aga n'ọgbọ egwuregwu echi.,Igbo,AI-generated synthetic data
3134,Likitan yana karatu manhajar waya.,Hausa,AI-generated synthetic data
3135,"In the evening, he called his mother after work.",English,AI-generated synthetic data
3136,The developer is repairing the business plan.,English,AI-generated synthetic data
3137,The nurse is building the computer.,English,AI-generated synthetic data
3138,Arákùnrin mi wà ní ilé ìtajà ní alẹ́.,Yoruba,AI-generated synthetic data
3139,Manajan yana gyara rahoton.,Hausa,AI-generated synthetic data
3140,Ọmọ náà ṣe àga ọ̀la.,Yoruba,AI-generated synthetic data
3141,Ha mere agwa n'ụtụtụ.,Igbo,AI-generated synthetic data
3142,Enyi m na-aga n'ụlọ akwụkwọ n'isi ụtụtụ.,Igbo,AI-generated synthetic data
3143,"Da safe, yar uwata ta sayi sabbin takalma.",Hausa,AI-generated synthetic data
3144,The driver is organizing the machine learning model.,English,AI-generated synthetic data
3145,The manager is learning the inventory list.,English,AI-generated synthetic data
3146,The driver is studying the inventory list.,English,AI-generated synthetic data
3147,Injiniyan yana shirya samfurin koyon na'ura.,Hausa,AI-generated synthetic data
3148,Ọmọ náà ra kámẹ́rà ní òru.,Yoruba,AI-generated synthetic data
3149,"Da safe, malami ya bayyana darasin da misali na aikace-aikace.",Hausa,AI-generated synthetic data
3150,The nurse is reviewing the school timetable.,English,AI-generated synthetic data
3151,Arábìnrin mi ń kọ́ ẹ̀kọ́ ní òpópónà ní alẹ́.,Yoruba,AI-generated synthetic data
3152,Àwọn ará wa ń ṣiṣẹ́ ní ilé ọ̀rẹ́ mi ní ọ̀sán.,Yoruba,AI-generated synthetic data
3153,A researcher is building the report.,English,AI-generated synthetic data
3154,Al'ummar yana karatu kayan aikin gona.,Hausa,AI-generated synthetic data
3155,Mama wà ní ilé ìwòsàn àná.,Yoruba,AI-generated synthetic data
3156,The doctor is checking the report.,English,AI-generated synthetic data
3157,Nwanne nwanyị m wetara anụ na ngwụcha izu.,Igbo,AI-generated synthetic data
3158,"During the meeting, everyone should follow the safety instructions.",English,AI-generated synthetic data
3159,Nwoke ahụ chọrọ igodo n'oge.,Igbo,AI-generated synthetic data
3160,A teacher is reviewing the delivery schedule.,English,AI-generated synthetic data
3161,Dalibin yana gina shirin kasuwanci.,Hausa,AI-generated synthetic data
3162,Unu mere igodo taa.,Igbo,AI-generated synthetic data
3163,"During the meeting, the algorithm performed better after the data was cleaned.",English,AI-generated synthetic data
3164,Arábìnrin mi wà ní ọgbà ní ọ̀sán.,Yoruba,AI-generated synthetic data
3165,Direban yana bitar shirin kasuwanci.,Hausa,AI-generated synthetic data
3166,Manajan yana shirya bayanan mara lafiya.,Hausa,AI-generated synthetic data
3167,Dalibin yana shirya kwamfutar.,Hausa,AI-generated synthetic data
3168,Ọ zụtara unere n'ehihie.,Igbo,AI-generated synthetic data
3169,Nwa akwụkwọ ahụ nọ n'ọdụ ụgbọala taa.,Igbo,AI-generated synthetic data
3170,Unu wetara akpụkpọ ụkwụ n'ehihie.,Igbo,AI-generated synthetic data
3171,"Da yamma, mai shirye-shiryen ya gyara kuskuren da ke cikin lambar Python.",Hausa,AI-generated synthetic data
3172,Tawagar mu yana duba bayanan taro.,Hausa,AI-generated synthetic data
3173,Injiniyan yana koyon kayan horo.,Hausa,AI-generated synthetic data
3174,"Da rana, barka da safiya, ina fatan kana cikin koshin lafiya.",Hausa,AI-generated synthetic data
3175,Arákùnrin mi ra ìrẹsì ní kutukutu.,Yoruba,AI-generated synthetic data
3176,Anyị na-amụ ihe n'ọfịs n'ụtụtụ.,Igbo,AI-generated synthetic data
3177,Ọkùnrin náà ń kọ́ ẹ̀kọ́ ní òpópónà ní ọ̀sẹ̀ yìí.,Yoruba,AI-generated synthetic data
3178,Àwọn ará wa fẹ́ kọ́kọ́rọ́ ní ọ̀sẹ̀ yìí.,Yoruba,AI-generated synthetic data
3179,"After lunch, the family prepared food for their guests.",English,AI-generated synthetic data
3180,Manomin yana gina jadawalin isar da kaya.,Hausa,AI-generated synthetic data
3181,"Da safe, ina son kara koyon bayani game da wannan kwas.",Hausa,AI-generated synthetic data
3182,My brother is organizing the meeting notes.,English,AI-generated synthetic data
3183,"Tomorrow, the mechanic replaced the damaged part.",English,AI-generated synthetic data
3184,My friend is repairing the farm equipment.,English,AI-generated synthetic data
3185,A teacher is repairing the delivery schedule.,English,AI-generated synthetic data
3186,Mai binciken yana karatu kayan aikin gona.,Hausa,AI-generated synthetic data
3187,Obìnrin náà fẹ́ ẹja ọ̀la.,Yoruba,AI-generated synthetic data
3188,Wọ́n dé sí òpópónà àná.,Yoruba,AI-generated synthetic data
3189,"Da safe, yaran suna wasa a wajen gida.",Hausa,AI-generated synthetic data
3190,Nwoke ahụ chọrọ azụ echi.,Igbo,AI-generated synthetic data
3191,Wọ́n ń kọ́ ẹ̀kọ́ ní ilé ìwé ní ọ̀sẹ̀ yìí.,Yoruba,AI-generated synthetic data
3192,"In the evening, which road leads to the market?",English,AI-generated synthetic data
3193,Abokina yana gyara kayan horo.,Hausa,AI-generated synthetic data
3194,"In the morning, have you completed the assignment?",English,AI-generated synthetic data
3195,"After lunch, they are waiting for the bus.",English,AI-generated synthetic data
3196,Baba ní kọ̀ǹpútà ní òru.,Yoruba,AI-generated synthetic data
3197,O ń rìn ní ilé ẹ̀kọ́ ní kutukutu.,Yoruba,AI-generated synthetic data
3198,"Yau, don Allah ka ajiye kayan aikin a wuri mai aminci.",Hausa,AI-generated synthetic data
3199,Nna na-amụ ihe n'ụlọ ahịa taa.,Igbo,AI-generated synthetic data
3200,Ọmọ náà ra ìrẹsì ní ọ̀sán.,Yoruba,AI-generated synthetic data
3201,Nne jiri ekwentị na ngwụcha izu.,Igbo,AI-generated synthetic data
3202,Tawagar mu yana koyon hanyar sadarwa.,Hausa,AI-generated synthetic data
3203,Manomin yana bitar rahoton.,Hausa,AI-generated synthetic data
3204,Ọmọ náà mú àga àná.,Yoruba,AI-generated synthetic data
3205,Al'ummar yana gyara sabon aiki.,Hausa,AI-generated synthetic data
3206,Unu bịara n'ọgbọ egwuregwu n'ụtụtụ.,Igbo,AI-generated synthetic data
3207,"Yesterday, how do I reset my password?",English,AI-generated synthetic data
3208,Manajan yana gina jadawalin makaranta.,Hausa,AI-generated synthetic data
3209,Nwoke ahụ jiri azụ n'oge.,Igbo,AI-generated synthetic data
3210,Mai shirye-shiryen yana koyon takardar bincike.,Hausa,AI-generated synthetic data
3211,Àwọn ará wa ra àpò ní ọ̀sán.,Yoruba,AI-generated synthetic data
3212,Nwanne nwoke m chọrọ igwefoto echi.,Igbo,AI-generated synthetic data
3213,Mo lọ sí ilé ìtajà àná.,Yoruba,AI-generated synthetic data
3214,Àwọn ọmọ ṣe aṣọ ní òru.,Yoruba,AI-generated synthetic data
3215,Manajan yana karatu shirin kasuwanci.,Hausa,AI-generated synthetic data
3216,Tawagar mu yana koyon sabon aiki.,Hausa,AI-generated synthetic data
3217,"Gobe, malami ya bayyana darasin da misali na aikace-aikace.",Hausa,AI-generated synthetic data
3218,"Da yamma, ina son kara koyon bayani game da wannan kwas.",Hausa,AI-generated synthetic data
3219,The student is preparing a research proposal.,English,AI-generated synthetic data
3220,Dalibin yana gina jadawalin isar da kaya.,Hausa,AI-generated synthetic data
3221,My friend is studying the report.,English,AI-generated synthetic data
3222,Enyi m na-eje ije n'ọgbọ egwuregwu n'abalị.,Igbo,AI-generated synthetic data
3223,We should discuss the issue before tomorrow.,English,AI-generated synthetic data
3224,Manhajar tana adana bayanan masu amfani cikin tsaro.,Hausa,AI-generated synthetic data
3225,A teacher is reviewing the school timetable.,English,AI-generated synthetic data
3226,Àwọn ará wa mú ẹja ní ìparí ọ̀sẹ̀.,Yoruba,AI-generated synthetic data
3227,Nwanyị ahụ hụrụ igodo n'abalị.,Igbo,AI-generated synthetic data
3228,Anyị wetara akpụkpọ ụkwụ n'ụtụtụ.,Igbo,AI-generated synthetic data
3229,The doctor is preparing the machine learning model.,English,AI-generated synthetic data
3230,"At work, the database contains records from several locations.",English,AI-generated synthetic data
3231,Nna bịara n'ụlọ ekpere n'abalị.,Igbo,AI-generated synthetic data
3232,Baba lo kọ̀ǹpútà ní òwúrọ̀.,Yoruba,AI-generated synthetic data
3233,Ọ na-aga n'ụlọ ọgwụ echi.,Igbo,AI-generated synthetic data
3234,"Gobe, yanayin yau yana da dadi.",Hausa,AI-generated synthetic data
3235,Dókítà náà dé sí ọgbà ẹ̀kọ́ ní ọ̀sán.,Yoruba,AI-generated synthetic data
3236,Ha na-arụ ọrụ n'ọgbọ egwuregwu n'ụtụtụ.,Igbo,AI-generated synthetic data
3237,Direban yana koyon kayan aikin gona.,Hausa,AI-generated synthetic data
3238,The farmer planted maize before the rainy season began.,English,AI-generated synthetic data
3239,Tawagar mu yana karatu sabon aiki.,Hausa,AI-generated synthetic data
3240,Arábìnrin mi lọ sí ilé ọ̀rẹ́ mi ní ìparí ọ̀sẹ̀.,Yoruba,AI-generated synthetic data
3241,Nwoke ahụ na-aga n'ụlọ ọgwụ n'ụtụtụ.,Igbo,AI-generated synthetic data
3242,My brother is building the training materials.,English,AI-generated synthetic data
3243,Obìnrin náà ní ẹja ní ọ̀sẹ̀ yìí.,Yoruba,AI-generated synthetic data
3244,Awa rí àgbàdo ní ọ̀sẹ̀ yìí.,Yoruba,AI-generated synthetic data
3245,Arábìnrin mi ń kọ́ ẹ̀kọ́ ní ọgbà ní òwúrọ̀.,Yoruba,AI-generated synthetic data
3246,Mai binciken yana gina samfurin koyon na'ura.,Hausa,AI-generated synthetic data
3247,Ị zụtara ji n'abalị.,Igbo,AI-generated synthetic data
3248,"Da yamma, don Allah ka sanar da ni idan ka shirya.",Hausa,AI-generated synthetic data
3249,"During the meeting, i will visit my friend tomorrow.",English,AI-generated synthetic data
3250,Nwanyị ahụ na-arụ ọrụ n'ọdụ ụgbọala na ngwụcha izu.,Igbo,AI-generated synthetic data
3251,Obìnrin náà fẹ́ kọ́kọ́rọ́ ní òru.,Yoruba,AI-generated synthetic data
3252,My friend is building a new project.,English,AI-generated synthetic data
3253,Ọkùnrin náà ra tábìlì ní òwúrọ̀.,Yoruba,AI-generated synthetic data
3254,Ọkùnrin náà ń ṣiṣẹ́ ní ilé ọ̀rẹ́ mi ní òru.,Yoruba,AI-generated synthetic data
3255,Nwa akwụkwọ ahụ na-eje ije n'ụlọ ekpere n'izu a.,Igbo,AI-generated synthetic data
3256,Dalibin yana shirya bayanan taro.,Hausa,AI-generated synthetic data
3257,"Bayan cin abinci, mun gwada API kafin mu hada shi da manhajar.",Hausa,AI-generated synthetic data
3258,Dókítà náà fẹ́ ẹ̀fọ́ ní òwúrọ̀.,Yoruba,AI-generated synthetic data
3259,Abokina yana tattauna hanyar sadarwa.,Hausa,AI-generated synthetic data
3260,M nọ n'ụlọ taa.,Igbo,AI-generated synthetic data
3261,"Jiya, kwamfuta tana bukatar sabuntawa kafin manhajar ta yi aiki.",Hausa,AI-generated synthetic data
3262,Nwanne nwoke m jiri igwefoto n'isi ụtụtụ.,Igbo,AI-generated synthetic data
3263,"A wurin aiki, taron ya dauki lokaci fiye da yadda aka zata.",Hausa,AI-generated synthetic data
3264,Akẹ́kọ̀ọ́ náà fẹ́ ẹ̀fọ́ ọ̀la.,Yoruba,AI-generated synthetic data
3265,Ṣé o wà nílé?,Yoruba,AI-generated synthetic data
3266,Awa dé sí ilé ìwé ní ọ̀sẹ̀ yìí.,Yoruba,AI-generated synthetic data
3267,Aládùúgbò wa ra tábìlì àná.,Yoruba,AI-generated synthetic data
3268,Ọ hụrụ agwa n'ụtụtụ.,Igbo,AI-generated synthetic data
3269,Nwa akwụkwọ ahụ zụtara azụ n'isi ụtụtụ.,Igbo,AI-generated synthetic data
3270,"In the afternoon, can we review the report today?",English,AI-generated synthetic data
3271,The manager is discussing the report.,English,AI-generated synthetic data
3272,Nwanyị ahụ hụrụ tebụl ụnyaahụ.,Igbo,AI-generated synthetic data
3273,"Gobe, nawa ne kudin wannan sabis?",Hausa,AI-generated synthetic data
3274,Baba ra oúnjẹ ní alẹ́.,Yoruba,AI-generated synthetic data
3275,Our team is reviewing the meeting notes.,English,AI-generated synthetic data
3276,Anyị ga-ahụ onwe anyị,Igbo,AI-generated synthetic data
3277,Ọkùnrin náà ṣe àkàrà ní ìparí ọ̀sẹ̀.,Yoruba,AI-generated synthetic data
3278,"A gida, fasinjoji sun jira cikin hakuri a tashar mota.",Hausa,AI-generated synthetic data
3279,The food at the restaurant was delicious.,English,AI-generated synthetic data
3280,Nwa akwụkwọ ahụ bịara n'ọbá akwụkwọ n'izu a.,Igbo,AI-generated synthetic data
3281,A researcher is checking the meeting notes.,English,AI-generated synthetic data
3282,Olùkọ́ náà ní bàtà ní òwúrọ̀.,Yoruba,AI-generated synthetic data
3283,Onye nkụzi ahụ zụtara akwụkwọ taa.,Igbo,AI-generated synthetic data
3284,Dọkịta ahụ chọrọ akwụkwọ nri n'abalị.,Igbo,AI-generated synthetic data
3285,Nna hụrụ kọmputa n'abalị.,Igbo,AI-generated synthetic data
3286,Abokina yana bitar bayanan taro.,Hausa,AI-generated synthetic data
3287,"In the morning, we cleaned the dataset before training the classifier.",English,AI-generated synthetic data
3288,Nwoke ahụ na-eje ije n'ogige na ngwụcha izu.,Igbo,AI-generated synthetic data
3289,"After lunch, the passengers waited patiently at the terminal.",English,AI-generated synthetic data
3290,I have not received the message yet.,English,AI-generated synthetic data
3291,Ẹyin lo ọ̀gẹ̀dẹ̀ àná.,Yoruba,AI-generated synthetic data
3292,"Gobe, mai shirye-shiryen ya gyara kuskuren da ke cikin lambar Python.",Hausa,AI-generated synthetic data
3293,The nurse is repairing the patient record.,English,AI-generated synthetic data
3294,"Da rana, ina asibitin da ya fi kusa yake?",Hausa,AI-generated synthetic data
3295,Nwa akwụkwọ ahụ na-arụ ọrụ n'ụlọ ahịa n'ehihie.,Igbo,AI-generated synthetic data
3296,Mama ń kọ́ ẹ̀kọ́ ní ilé ìwòsàn ọ̀la.,Yoruba,AI-generated synthetic data
3297,Unu nọ n'ụlọ n'oge.,Igbo,AI-generated synthetic data
3298,Likitan yana karatu sabon aiki.,Hausa,AI-generated synthetic data
3299,Na yi farin cikin jin cewa komai ya tafi lafiya.,Hausa,AI-generated synthetic data
3300,Ọkùnrin náà mú ẹ̀fọ́ lónìí.,Yoruba,AI-generated synthetic data
3301,Ó ra ọ̀gẹ̀dẹ̀ ní ọ̀sán.,Yoruba,AI-generated synthetic data
3302,Aládùúgbò wa ń kọ́ ẹ̀kọ́ ní ilé ọ̀rẹ́ mi lónìí.,Yoruba,AI-generated synthetic data
3303,Ó ń ṣiṣẹ́ ní ilé ìwòsàn ní kutukutu.,Yoruba,AI-generated synthetic data
3304,Ẹyin fẹ́ àga àná.,Yoruba,AI-generated synthetic data
3305,Tawagar mu yana duba jadawalin isar da kaya.,Hausa,AI-generated synthetic data
3306,"Bayan cin abinci, za mu iya duba rahoton yau?",Hausa,AI-generated synthetic data
3307,The farmer is preparing the report.,English,AI-generated synthetic data
3308,O rí àpò ní òwúrọ̀.,Yoruba,AI-generated synthetic data
3309,Olùkọ́ náà ń rìn ní ọgbà ní òwúrọ̀.,Yoruba,AI-generated synthetic data
3310,Olùkọ́ náà ní kámẹ́rà lónìí.,Yoruba,AI-generated synthetic data
3311,Nne nwere ekwentị echi.,Igbo,AI-generated synthetic data
3312,The nurse is repairing the network connection.,English,AI-generated synthetic data
3313,"Tomorrow, the meeting has been moved to Friday.",English,AI-generated synthetic data
3314,Ó ń rìn ní ilé ìwòsàn ọ̀la.,Yoruba,AI-generated synthetic data
3315,Ẹyin ṣe àgbàdo ní òru.,Yoruba,AI-generated synthetic data
3316,The driver is repairing a new project.,English,AI-generated synthetic data
3317,Al'ummar yana duba jadawalin makaranta.,Hausa,AI-generated synthetic data
3318,Dọkịta ahụ chọrọ tebụl taa.,Igbo,AI-generated synthetic data
3319,The driver is learning the delivery schedule.,English,AI-generated synthetic data
3320,"Yayin taro, yar uwata ta sayi sabbin takalma.",Hausa,AI-generated synthetic data
3321,A researcher is reviewing a new project.,English,AI-generated synthetic data
3322,M hụrụ ọka n'ehihie.,Igbo,AI-generated synthetic data
3323,Injiniyan yana koyon sabon aiki.,Hausa,AI-generated synthetic data
3324,The student is repairing the machine learning model.,English,AI-generated synthetic data
3325,"At work, how much does this service cost?",English,AI-generated synthetic data
3326,Obìnrin náà mú ẹja ní alẹ́.,Yoruba,AI-generated synthetic data
3327,Mai binciken yana shirya kwamfutar.,Hausa,AI-generated synthetic data
3328,Nwa akwụkwọ ahụ hụrụ akwụkwọ n'isi ụtụtụ.,Igbo,AI-generated synthetic data
3329,Nwanne nwanyị m chọrọ akwụkwọ n'abalị.,Igbo,AI-generated synthetic data
3330,Wọ́n rí kọ̀ǹpútà ní òwúrọ̀.,Yoruba,AI-generated synthetic data
3331,Ma'aikaciyar jinya yana shirya manhajar waya.,Hausa,AI-generated synthetic data
3332,Àwọn ará wa ń rìn ní ilé ọ̀rẹ́ mi ní ìparí ọ̀sẹ̀.,Yoruba,AI-generated synthetic data
3333,Àwọn ará wa lọ sí ilé ìwé ọ̀la.,Yoruba,AI-generated synthetic data
3334,Anyị na-aga n'ụlọ ekpere n'ụtụtụ.,Igbo,AI-generated synthetic data
3335,"In the evening, the mechanic replaced the damaged part.",English,AI-generated synthetic data
3336,Mama mú ẹ̀wà ní ìparí ọ̀sẹ̀.,Yoruba,AI-generated synthetic data
3337,Onye agbata obi anyị mere akwụkwọ n'oge.,Igbo,AI-generated synthetic data
3338,"In the afternoon, the developer created a simple interface for the users.",English,AI-generated synthetic data
3339,Ma'aikaciyar jinya yana koyon kwamfutar.,Hausa,AI-generated synthetic data
3340,Onye nkụzi ahụ wetara ji n'ehihie.,Igbo,AI-generated synthetic data
3341,Likitan yana gyara jerin kaya.,Hausa,AI-generated synthetic data
3342,Malamin yana koyon kayan aikin gona.,Hausa,AI-generated synthetic data
3343,Ma'aikaciyar jinya yana karatu kayan aikin gona.,Hausa,AI-generated synthetic data
3344,Abokina yana tsara sabon aiki.,Hausa,AI-generated synthetic data
3345,Nne jiri oche ụnyaahụ.,Igbo,AI-generated synthetic data
3346,Enyi m na-arụ ọrụ n'ahịa na ngwụcha izu.,Igbo,AI-generated synthetic data
3347,O dé sí ilé ìtajà ní òwúrọ̀.,Yoruba,AI-generated synthetic data
3348,Nwanne m bịara n'ogige n'ehihie.,Igbo,AI-generated synthetic data
3349,Dalibin yana shirya sabon aiki.,Hausa,AI-generated synthetic data
3350,Nwanne nwanyị m zụtara akwụkwọ nri taa.,Igbo,AI-generated synthetic data
3351,Enyi m zụtara akpụkpọ ụkwụ echi.,Igbo,AI-generated synthetic data
3352,Aládùúgbò wa lo aṣọ ní alẹ́.,Yoruba,AI-generated synthetic data
3353,"Jiya, malami ya bayyana darasin da misali na aikace-aikace.",Hausa,AI-generated synthetic data
3354,Our team is repairing the meeting notes.,English,AI-generated synthetic data
3355,Dọkịta ahụ hụrụ akwụkwọ nri ụnyaahụ.,Igbo,AI-generated synthetic data
3356,Direban yana karatu rahoton.,Hausa,AI-generated synthetic data
3357,"Gobe, abincin gidan cin abincin ya yi dadi sosai.",Hausa,AI-generated synthetic data
3358,Ụmụaka ahụ nwere tebụl n'abalị.,Igbo,AI-generated synthetic data
3359,Abokina yana gina rahoton.,Hausa,AI-generated synthetic data
3360,"A wurin aiki, ta yaya za mu inganta tsarin?",Hausa,AI-generated synthetic data
3361,Nwanne m wetara anụ n'isi ụtụtụ.,Igbo,AI-generated synthetic data
3362,Ụmụaka ahụ nọ n'ụlọ enyi m n'abalị.,Igbo,AI-generated synthetic data
3363,Manomin yana tattauna rahoton.,Hausa,AI-generated synthetic data
3364,My friend is discussing a new project.,English,AI-generated synthetic data
3365,The student is studying a research proposal.,English,AI-generated synthetic data
3366,Nwoke ahụ na-arụ ọrụ n'ụlọ na ngwụcha izu.,Igbo,AI-generated synthetic data
3367,Nwanne nwanyị m na-amụ ihe n'ụlọ enyi m n'abalị.,Igbo,AI-generated synthetic data
3368,Arábìnrin mi lọ sí ọ́fíìsì lónìí.,Yoruba,AI-generated synthetic data
3369,Olùkọ́ náà ń rìn ní ilé ẹ̀kọ́ lónìí.,Yoruba,AI-generated synthetic data
3370,Enyi m na-amụ ihe n'ọfịs echi.,Igbo,AI-generated synthetic data
3371,Anyị bịara n'ụlọ ekpere n'izu a.,Igbo,AI-generated synthetic data
3372,Nna zụtara anụ na ngwụcha izu.,Igbo,AI-generated synthetic data
3373,Anyị na-eje ije n'ụlọ enyi m echi.,Igbo,AI-generated synthetic data
3374,"Jiya, kowa ya kamata ya bi umarnin tsaro.",Hausa,AI-generated synthetic data
3375,Olùkọ́ náà ra ẹ̀wà ní ọ̀sán.,Yoruba,AI-generated synthetic data
3376,"During the meeting, where is the nearest hospital?",English,AI-generated synthetic data
3377,Onye nkụzi ahụ jiri igwefoto n'izu a.,Igbo,AI-generated synthetic data
3378,"Yau, don Allah ka duba bayanan kafin ka aika da fom.",Hausa,AI-generated synthetic data
3379,Ọmọ náà ra ẹran ọ̀la.,Yoruba,AI-generated synthetic data
3380,Enyi m nọ n'ọfịs echi.,Igbo,AI-generated synthetic data
3381,The manager is preparing a mobile application.,English,AI-generated synthetic data
3382,"After lunch, how do I reset my password?",English,AI-generated synthetic data
3383,The driver is discussing the computer.,English,AI-generated synthetic data
3384,Akẹ́kọ̀ọ́ náà lọ sí ilé ìwé ọ̀la.,Yoruba,AI-generated synthetic data
3385,Nwanne nwanyị m bịara n'ọfịs echi.,Igbo,AI-generated synthetic data
3386,Arábìnrin mi ra ìwé ní kutukutu.,Yoruba,AI-generated synthetic data
3387,Ọ bịara n'chọọchị n'ehihie.,Igbo,AI-generated synthetic data
3388,Nna bịara n'ahịa n'oge.,Igbo,AI-generated synthetic data
3389,"At home, the community organized a clean-up exercise on Saturday.",English,AI-generated synthetic data
3390,Unu na-aga n'ụlọ ụnyaahụ.,Igbo,AI-generated synthetic data
3391,Ó lo àgbàdo ní òru.,Yoruba,AI-generated synthetic data
3392,The farmer is organizing the machine learning model.,English,AI-generated synthetic data
3393,Manajan yana gina bayanan taro.,Hausa,AI-generated synthetic data
3394,Baba ra ẹran ní ìparí ọ̀sẹ̀.,Yoruba,AI-generated synthetic data
3395,Al'ummar yana duba kayan aikin gona.,Hausa,AI-generated synthetic data
3396,Ó dé sí ilé lónìí.,Yoruba,AI-generated synthetic data
3397,"Tomorrow, the community organized a clean-up exercise on Saturday.",English,AI-generated synthetic data
3398,Ọ̀rẹ́ mi rí omi ní alẹ́.,Yoruba,AI-generated synthetic data
3399,Ị jiri akpa echi.,Igbo,AI-generated synthetic data
3400,Ọmọ náà ní ìrẹsì ọ̀la.,Yoruba,AI-generated synthetic data
3401,Ụmụaka ahụ zụtara akpa n'ehihie.,Igbo,AI-generated synthetic data
3402,"Gobe, na yi farin cikin jin cewa komai ya tafi lafiya.",Hausa,AI-generated synthetic data
3403,A teacher is checking the network connection.,English,AI-generated synthetic data
3404,Manomin yana gina jadawalin makaranta.,Hausa,AI-generated synthetic data
3405,Ó lo ọ̀gẹ̀dẹ̀ ní ìparí ọ̀sẹ̀.,Yoruba,AI-generated synthetic data
3406,Onye nkụzi ahụ nwere akpụkpọ ụkwụ n'ehihie.,Igbo,AI-generated synthetic data
3407,Ehihie ọma,Igbo,AI-generated synthetic data
3408,Dọkịta ahụ na-eje ije n'ọfịs n'izu a.,Igbo,AI-generated synthetic data
3409,"Yayin taro, har yanzu ban samu sakon ba.",Hausa,AI-generated synthetic data
3410,"Da safe, nawa ne kudin wannan sabis?",Hausa,AI-generated synthetic data
3411,Malamin yana karatu shirin kasuwanci.,Hausa,AI-generated synthetic data
3412,Manomin yana bitar samfurin koyon na'ura.,Hausa,AI-generated synthetic data
3413,Nwanne nwoke m nwere igwefoto taa.,Igbo,AI-generated synthetic data
3414,The manager is organizing the school timetable.,English,AI-generated synthetic data
3415,Unu nọ n'okporo ụzọ ụnyaahụ.,Igbo,AI-generated synthetic data
3416,The developer is discussing the machine learning model.,English,AI-generated synthetic data
3417,Ma'aikaciyar jinya yana karatu rahoton.,Hausa,AI-generated synthetic data
3418,The nurse is discussing the delivery schedule.,English,AI-generated synthetic data
3419,"During the meeting, the developer created a simple interface for the users.",English,AI-generated synthetic data
3420,Àwọn ọmọ lọ sí ibùdó ọkọ̀ ní òru.,Yoruba,AI-generated synthetic data
3421,"Yesterday, we need more information before making a decision.",English,AI-generated synthetic data
3422,Al'ummar yana shirya bayanan taro.,Hausa,AI-generated synthetic data
3423,Ọ na-eje ije n'ụlọ ọgwụ echi.,Igbo,AI-generated synthetic data
3424,"Jiya, yar uwata ta sayi sabbin takalma.",Hausa,AI-generated synthetic data
3425,Abokina yana gyara hanyar sadarwa.,Hausa,AI-generated synthetic data
3426,The dashboard displays the latest inventory figures.,English,AI-generated synthetic data
3427,Manajan yana karatu jadawalin makaranta.,Hausa,AI-generated synthetic data
3428,Awa lo ọ̀gẹ̀dẹ̀ lónìí.,Yoruba,AI-generated synthetic data
3429,Onye agbata obi anyị wetara uwe n'abalị.,Igbo,AI-generated synthetic data
3430,"Bayan cin abinci, mai kirkirar manhaja ya tsara hanya mai sauki ga masu amfani.",Hausa,AI-generated synthetic data
3431,A teacher is repairing the farm equipment.,English,AI-generated synthetic data
3432,Nwanyị ahụ nwere igodo n'oge.,Igbo,AI-generated synthetic data
3433,Ya kira mahaifiyarsa bayan aiki.,Hausa,AI-generated synthetic data
3434,Injiniyan yana karatu jadawalin isar da kaya.,Hausa,AI-generated synthetic data
3435,My friend is repairing the network connection.,English,AI-generated synthetic data
3436,Ma'aikaciyar jinya yana tattauna jadawalin makaranta.,Hausa,AI-generated synthetic data
3437,Likitan yana bitar kwamfutar.,Hausa,AI-generated synthetic data
3438,"Da yamma, me ya sa intanet din yake tafiya a hankali?",Hausa,AI-generated synthetic data
3439,Ị na-amụ ihe n'ọfịs echi.,Igbo,AI-generated synthetic data
3440,Dókítà náà ń kọ́ ẹ̀kọ́ ní ilé ìwòsàn lónìí.,Yoruba,AI-generated synthetic data
3441,Ha mere akpụkpọ ụkwụ n'abalị.,Igbo,AI-generated synthetic data
3442,"After lunch, everyone should follow the safety instructions.",English,AI-generated synthetic data
3443,The model classifies short text into different languages.,English,AI-generated synthetic data
3444,The student is organizing a mobile application.,English,AI-generated synthetic data
3445,Nwa ahụ nwere ekwentị ụnyaahụ.,Igbo,AI-generated synthetic data
3446,Arábìnrin mi lo ẹran lónìí.,Yoruba,AI-generated synthetic data
3447,Ọmọ náà ń kọ́ ẹ̀kọ́ ní ọgbà ẹ̀kọ́ ní ọ̀sẹ̀ yìí.,Yoruba,AI-generated synthetic data
3448,Ẹyin fẹ́ fóònù ní kutukutu.,Yoruba,AI-generated synthetic data
3449,The engineer is discussing the inventory list.,English,AI-generated synthetic data
3450,Ọmọ náà wà ní ilé ẹ̀kọ́ ní ọ̀sán.,Yoruba,AI-generated synthetic data
3451,Enyi m jiri mmiri n'ehihie.,Igbo,AI-generated synthetic data
3452,"A wurin aiki, za ka iya taimaka min da wannan matsalar?",Hausa,AI-generated synthetic data
3453,My brother is learning the school timetable.,English,AI-generated synthetic data
3454,Dan uwana yana tsara samfurin koyon na'ura.,Hausa,AI-generated synthetic data
3455,Our community is studying the delivery schedule.,English,AI-generated synthetic data
3456,"During the meeting, have you completed the assignment?",English,AI-generated synthetic data
3457,Manajan yana koyon manhajar waya.,Hausa,AI-generated synthetic data
3458,Nna jiri oche taa.,Igbo,AI-generated synthetic data
3459,Injiniyan yana shirya bayanan mara lafiya.,Hausa,AI-generated synthetic data
3460,M wetara azụ taa.,Igbo,AI-generated synthetic data
3461,Dọkịta ahụ na-arụ ọrụ n'okporo ụzọ ụnyaahụ.,Igbo,AI-generated synthetic data
3462,Nwanne m nọ n'ahịa na ngwụcha izu.,Igbo,AI-generated synthetic data
3463,Nwanne nwoke m wetara mmiri n'isi ụtụtụ.,Igbo,AI-generated synthetic data
3464,Wọ́n ní kọ̀ǹpútà ní alẹ́.,Yoruba,AI-generated synthetic data
3465,Arábìnrin mi ń kọ́ ẹ̀kọ́ ní ilé ẹ̀kọ́ lónìí.,Yoruba,AI-generated synthetic data
3466,The farmer is planning the computer.,English,AI-generated synthetic data
3467,Al'ummar yana koyon takardar bincike.,Hausa,AI-generated synthetic data
3468,Direban yana shirya sabon aiki.,Hausa,AI-generated synthetic data
3469,The student is organizing a new project.,English,AI-generated synthetic data
3470,Nwanne nwoke m nwere akpụkpọ ụkwụ n'ụtụtụ.,Igbo,AI-generated synthetic data
3471,Dọkịta ahụ bịara n'ọdụ ụgbọala n'oge.,Igbo,AI-generated synthetic data
3472,Nwanne m nwere igwefoto n'isi ụtụtụ.,Igbo,AI-generated synthetic data
3473,Arábìnrin mi ń rìn ní pápá ọ̀la.,Yoruba,AI-generated synthetic data
3474,Aládùúgbò wa rí aṣọ ní òru.,Yoruba,AI-generated synthetic data
3475,"In the evening, please check the details before submitting the form.",English,AI-generated synthetic data
3476,Dókítà náà fẹ́ ìwé lónìí.,Yoruba,AI-generated synthetic data
3477,A teacher is studying the business plan.,English,AI-generated synthetic data
3478,Malamin yana tsara kayan horo.,Hausa,AI-generated synthetic data
3479,The driver is checking the report.,English,AI-generated synthetic data
3480,The driver is reviewing a research proposal.,English,AI-generated synthetic data
3481,Olùkọ́ náà ṣe ẹran ní ìparí ọ̀sẹ̀.,Yoruba,AI-generated synthetic data
3482,A teacher is planning the patient record.,English,AI-generated synthetic data
3483,The doctor is preparing a mobile application.,English,AI-generated synthetic data
3484,Anyị chọrọ uwe n'ụtụtụ.,Igbo,AI-generated synthetic data
3485,"After lunch, who is responsible for the equipment?",English,AI-generated synthetic data
3486,The farmer is planning the meeting notes.,English,AI-generated synthetic data
3487,Enyi m bịara n'ahịa ụnyaahụ.,Igbo,AI-generated synthetic data
3488,Ma'aikaciyar jinya yana bitar kayan horo.,Hausa,AI-generated synthetic data
3489,Al'ummar yana bitar bayanan taro.,Hausa,AI-generated synthetic data
3490,Nne jiri agwa n'izu a.,Igbo,AI-generated synthetic data
3491,The driver is planning the farm equipment.,English,AI-generated synthetic data
3492,Nwoke ahụ na-eje ije n'ọdụ ụgbọala ụnyaahụ.,Igbo,AI-generated synthetic data
3493,Onye agbata obi anyị nọ n'ọdụ ụgbọala ụnyaahụ.,Igbo,AI-generated synthetic data
3494,Likitan yana tattauna kayan aikin gona.,Hausa,AI-generated synthetic data
3495,Iyali sun shirya abinci domin baki.,Hausa,AI-generated synthetic data
3496,"At home, the application stores user information securely.",English,AI-generated synthetic data
3497,Ha chọrọ nri ụnyaahụ.,Igbo,AI-generated synthetic data
3498,Unu nwere agwa n'isi ụtụtụ.,Igbo,AI-generated synthetic data
3499,Akẹ́kọ̀ọ́ náà ra ẹ̀fọ́ ní òwúrọ̀.,Yoruba,AI-generated synthetic data
3500,"Tomorrow, how do I reset my password?",English,AI-generated synthetic data
3501,Ọ jiri akpa n'ụtụtụ.,Igbo,AI-generated synthetic data
3502,"Da safe, dalibi ya aro littafi daga dakin karatu.",Hausa,AI-generated synthetic data
3503,The farmer is reviewing the training materials.,English,AI-generated synthetic data
3504,"A wurin aiki, zan ziyarci abokina gobe.",Hausa,AI-generated synthetic data
3505,Our community is studying a new project.,English,AI-generated synthetic data
3506,Aládùúgbò wa ń ṣiṣẹ́ ní ilé ní alẹ́.,Yoruba,AI-generated synthetic data
3507,The doctor is preparing the computer.,English,AI-generated synthetic data
3508,O lo àpò ọ̀la.,Yoruba,AI-generated synthetic data
3509,Mo ra àkàrà ní ọ̀sán.,Yoruba,AI-generated synthetic data
3510,Ebee ka akwụkwọ ahụ dị?,Igbo,AI-generated synthetic data
3511,The developer is preparing the patient record.,English,AI-generated synthetic data
3512,Àwọn ará wa ṣe oúnjẹ ní ọ̀sán.,Yoruba,AI-generated synthetic data
3513,Enyi m bịara n'ụlọ ọgwụ n'izu a.,Igbo,AI-generated synthetic data
3514,Can you help me with this problem?,English,AI-generated synthetic data
3515,A teacher is checking the business plan.,English,AI-generated synthetic data
3516,Awa ń rìn ní ilé ẹ̀kọ́ ní òwúrọ̀.,Yoruba,AI-generated synthetic data
3517,"Yesterday, they are waiting for the bus.",English,AI-generated synthetic data
3518,Baba wà ní ilé ọ̀rẹ́ mi ní alẹ́.,Yoruba,AI-generated synthetic data
3519,Dan uwana yana koyon jerin kaya.,Hausa,AI-generated synthetic data
3520,Nwa ahụ chọrọ osikapa ụnyaahụ.,Igbo,AI-generated synthetic data
3521,O ní àkàrà ní òwúrọ̀.,Yoruba,AI-generated synthetic data
3522,"Yayin taro, likita ya shawarci mara lafiya ya kara shan ruwa.",Hausa,AI-generated synthetic data
3523,Mo wà ní òpópónà ní ọ̀sán.,Yoruba,AI-generated synthetic data
3524,Mo lo ẹja ọ̀la.,Yoruba,AI-generated synthetic data
3525,"At home, he called his mother after work.",English,AI-generated synthetic data
3526,Our team is checking the school timetable.,English,AI-generated synthetic data
3527,Dọkịta ahụ na-aga n'ụlọ enyi m n'isi ụtụtụ.,Igbo,AI-generated synthetic data
3528,Likitan yana tattauna kwamfutar.,Hausa,AI-generated synthetic data
3529,Me ya jawo jinkirin?,Hausa,AI-generated synthetic data
3530,Nne na-aga n'ọfịs n'abalị.,Igbo,AI-generated synthetic data
3531,A teacher is learning the inventory list.,English,AI-generated synthetic data
3532,Ụmụaka ahụ wetara azụ na ngwụcha izu.,Igbo,AI-generated synthetic data
3533,Nne bịara n'ụlọ enyi m n'ụtụtụ.,Igbo,AI-generated synthetic data
3534,Unu na-aga n'chọọchị taa.,Igbo,AI-generated synthetic data
3535,Àwọn ọmọ lọ sí ọgbà ẹ̀kọ́ ní ìparí ọ̀sẹ̀.,Yoruba,AI-generated synthetic data
3536,Ọ̀rẹ́ mi dé sí ilé ìwòsàn àná.,Yoruba,AI-generated synthetic data
3537,The nurse is preparing a new project.,English,AI-generated synthetic data
3538,Olùkọ́ náà ń kọ́ ẹ̀kọ́ ní ilé ìtajà lónìí.,Yoruba,AI-generated synthetic data
3539,The developer is building the meeting notes.,English,AI-generated synthetic data
3540,The manager is discussing the farm equipment.,English,AI-generated synthetic data
3541,Our community is learning a new project.,English,AI-generated synthetic data
3542,The engineer is planning the training materials.,English,AI-generated synthetic data
3543,Obìnrin náà ń rìn ní ibùdó ọkọ̀ ní ọ̀sẹ̀ yìí.,Yoruba,AI-generated synthetic data
3544,"Yayin taro, ina ka ajiye takardar?",Hausa,AI-generated synthetic data
3545,Mai shirye-shiryen yana tsara rahoton.,Hausa,AI-generated synthetic data
3546,The manager is planning the training materials.,English,AI-generated synthetic data
3547,Ụmụaka ahụ na-aga n'ahịa na ngwụcha izu.,Igbo,AI-generated synthetic data
3548,Ụmụaka ahụ wetara nri n'abalị.,Igbo,AI-generated synthetic data
3549,Baba ń ṣiṣẹ́ ní ọ́fíìsì lónìí.,Yoruba,AI-generated synthetic data
3550,Direban yana karatu kayan aikin gona.,Hausa,AI-generated synthetic data
3551,M jiri osikapa n'ehihie.,Igbo,AI-generated synthetic data
3552,Wọ́n rí ẹ̀wà ní kutukutu.,Yoruba,AI-generated synthetic data
3553,Nna na-aga n'ọgbọ egwuregwu n'izu a.,Igbo,AI-generated synthetic data
3554,Onye agbata obi anyị na-eje ije n'chọọchị taa.,Igbo,AI-generated synthetic data
3555,"In the evening, we cleaned the dataset before training the classifier.",English,AI-generated synthetic data
3556,Akẹ́kọ̀ọ́ náà ń kọ́ ẹ̀kọ́ ní mọ́sáláṣí ní ọ̀sẹ̀ yìí.,Yoruba,AI-generated synthetic data
3557,Obìnrin náà dé sí ọgbà ní ìparí ọ̀sẹ̀.,Yoruba,AI-generated synthetic data
3558,The developer is repairing the school timetable.,English,AI-generated synthetic data
3559,Obìnrin náà ń rìn ní ilé ní alẹ́.,Yoruba,AI-generated synthetic data
3560,"At home, the server needs regular maintenance and monitoring.",English,AI-generated synthetic data
3561,Ẹyin ní aṣọ ní òwúrọ̀.,Yoruba,AI-generated synthetic data
3562,Dọkịta ahụ zụtara kọmputa n'abalị.,Igbo,AI-generated synthetic data
3563,"After lunch, the researcher compared several machine learning models.",English,AI-generated synthetic data
3564,The developer is learning a mobile application.,English,AI-generated synthetic data
3565,Àwọn ará wa rí ẹja ọ̀la.,Yoruba,AI-generated synthetic data
3566,Wọ́n lọ sí ilé ọ̀rẹ́ mi ní ọ̀sẹ̀ yìí.,Yoruba,AI-generated synthetic data
3567,Dọkịta ahụ na-amụ ihe n'ọfịs n'ụtụtụ.,Igbo,AI-generated synthetic data
3568,My friend is discussing the machine learning model.,English,AI-generated synthetic data
3569,Tawagar mu yana tattauna manhajar waya.,Hausa,AI-generated synthetic data
3570,Arábìnrin mi mú omi ní alẹ́.,Yoruba,AI-generated synthetic data
3571,Ó rí àgbàdo ní kutukutu.,Yoruba,AI-generated synthetic data
3572,Malamin yana duba manhajar waya.,Hausa,AI-generated synthetic data
3573,Ẹyin ń ṣiṣẹ́ ní ọgbà ẹ̀kọ́ àná.,Yoruba,AI-generated synthetic data
3574,"Da rana, na yi farin cikin jin cewa komai ya tafi lafiya.",Hausa,AI-generated synthetic data
3575,Aládùúgbò wa wà ní ilé ọ̀rẹ́ mi àná.,Yoruba,AI-generated synthetic data
3576,Ọ bịara n'ụlọ taa.,Igbo,AI-generated synthetic data
3577,Mai shirye-shiryen yana gyara kayan horo.,Hausa,AI-generated synthetic data
3578,Nne chọrọ anụ na ngwụcha izu.,Igbo,AI-generated synthetic data
3579,Ụmụaka ahụ na-aga n'chọọchị ụnyaahụ.,Igbo,AI-generated synthetic data
3580,Akẹ́kọ̀ọ́ náà ń kọ́ ẹ̀kọ́ ní ibùdó ọkọ̀ ọ̀la.,Yoruba,AI-generated synthetic data
3581,Olùkọ́ náà dé sí ilé ìtajà ní òru.,Yoruba,AI-generated synthetic data
3582,Nwa akwụkwọ ahụ na-eje ije n'ụlọ ọgwụ ụnyaahụ.,Igbo,AI-generated synthetic data
3583,"A wurin aiki, ina asibitin da ya fi kusa yake?",Hausa,AI-generated synthetic data
3584,Ọ bịara n'ọfịs n'isi ụtụtụ.,Igbo,AI-generated synthetic data
3585,Mai shirye-shiryen yana karatu kayan horo.,Hausa,AI-generated synthetic data
3586,Nwanne nwoke m nọ n'ọfịs n'isi ụtụtụ.,Igbo,AI-generated synthetic data
3587,The nurse is reviewing a research proposal.,English,AI-generated synthetic data
3588,Injiniyan yana koyon kayan aikin gona.,Hausa,AI-generated synthetic data
3589,Àwọn ará wa ń ṣiṣẹ́ ní ilé ìwòsàn ní ọ̀sẹ̀ yìí.,Yoruba,AI-generated synthetic data
3590,Mo lo ìrẹsì ní ọ̀sán.,Yoruba,AI-generated synthetic data
3591,Ó fẹ́ ẹ̀wà ní òru.,Yoruba,AI-generated synthetic data
3592,Mai shirye-shiryen yana gina rahoton.,Hausa,AI-generated synthetic data
3593,Ọmọ náà rí fóònù ọ̀la.,Yoruba,AI-generated synthetic data
3594,Our team is learning the computer.,English,AI-generated synthetic data
3595,The doctor is reviewing the training materials.,English,AI-generated synthetic data
3596,The farmer is repairing a research proposal.,English,AI-generated synthetic data
3597,Kí ni a máa ṣe lọ́la?,Yoruba,AI-generated synthetic data
3598,The student is organizing the business plan.,English,AI-generated synthetic data
3599,Aládùúgbò wa ṣe kámẹ́rà ní ọ̀sẹ̀ yìí.,Yoruba,AI-generated synthetic data
3600,"During the meeting, please check the details before submitting the form.",English,AI-generated synthetic data
3601,Àwọn ọmọ ra kọ́kọ́rọ́ ní ọ̀sẹ̀ yìí.,Yoruba,AI-generated synthetic data
3602,Ị nọ n'ọfịs echi.,Igbo,AI-generated synthetic data
3603,My friend is reviewing a research proposal.,English,AI-generated synthetic data
3604,"Tomorrow, the application stores user information securely.",English,AI-generated synthetic data
3605,Mai binciken yana duba bayanan taro.,Hausa,AI-generated synthetic data
3606,Tawagar mu yana tsara samfurin koyon na'ura.,Hausa,AI-generated synthetic data
3607,Ị na-eje ije n'ụlọ ahịa n'ụtụtụ.,Igbo,AI-generated synthetic data
3608,Dọkịta ahụ hụrụ uwe n'oge.,Igbo,AI-generated synthetic data
3609,Onye agbata obi anyị jiri azụ n'abalị.,Igbo,AI-generated synthetic data
3610,The nurse is discussing the network connection.,English,AI-generated synthetic data
3611,"After lunch, how can we improve the system?",English,AI-generated synthetic data
3612,Ọ̀rẹ́ mi mú kọ̀ǹpútà ní kutukutu.,Yoruba,AI-generated synthetic data
3613,"At home, everyone should follow the safety instructions.",English,AI-generated synthetic data
3614,Nwanne nwoke m nọ n'ụlọ ahịa na ngwụcha izu.,Igbo,AI-generated synthetic data
3615,Dalibin yana tsara jerin kaya.,Hausa,AI-generated synthetic data
3616,Olùkọ́ náà fẹ́ bàtà ní ọ̀sán.,Yoruba,AI-generated synthetic data
3617,Nwanne nwoke m mere akpa n'ụtụtụ.,Igbo,AI-generated synthetic data
3618,Nwa ahụ na-aga n'ọbá akwụkwọ n'abalị.,Igbo,AI-generated synthetic data
3619,Nwanyị ahụ nwere azụ echi.,Igbo,AI-generated synthetic data
3620,"At home, the dashboard displays the latest inventory figures.",English,AI-generated synthetic data
3621,"Bayan cin abinci, wa ke da alhakin kayan aikin?",Hausa,AI-generated synthetic data
3622,Manomin yana koyon rahoton.,Hausa,AI-generated synthetic data
3623,My friend is building the business plan.,English,AI-generated synthetic data
3624,Samfurin yana rarrabe gajerun rubutu zuwa harsuna daban-daban.,Hausa,AI-generated synthetic data
3625,Direban yana tattauna sabon aiki.,Hausa,AI-generated synthetic data
3626,"A gida, don Allah ka tuna ka cajin wayarka.",Hausa,AI-generated synthetic data
3627,"At work, he called his mother after work.",English,AI-generated synthetic data
3628,Nwa ahụ zụtara osikapa n'ehihie.,Igbo,AI-generated synthetic data
3629,Akẹ́kọ̀ọ́ náà ń kọ́ ẹ̀kọ́ ní ilé ẹ̀kọ́ ní òru.,Yoruba,AI-generated synthetic data
3630,Nwanne nwanyị m na-amụ ihe n'ụlọ akwụkwọ n'ụtụtụ.,Igbo,AI-generated synthetic data
3631,My friend is discussing a research proposal.,English,AI-generated synthetic data
3632,Direban yana koyon hanyar sadarwa.,Hausa,AI-generated synthetic data
3633,Dọkịta ahụ hụrụ azụ n'abalị.,Igbo,AI-generated synthetic data
3634,Ụtụtụ ọma,Igbo,AI-generated synthetic data
3635,"Today, the teacher explained the lesson with a practical example.",English,AI-generated synthetic data
3636,Kí ló ṣẹlẹ̀?,Yoruba,AI-generated synthetic data
3637,Nwanne m zụtara akpụkpọ ụkwụ ụnyaahụ.,Igbo,AI-generated synthetic data
3638,Unu hụrụ oche n'izu a.,Igbo,AI-generated synthetic data
3639,Kedu ka ụbọchị gị dị?,Igbo,AI-generated synthetic data
3640,Obìnrin náà ń kọ́ ẹ̀kọ́ ní ọgbà ẹ̀kọ́ ní òru.,Yoruba,AI-generated synthetic data
3641,Olùkọ́ náà wà ní ilé ẹ̀kọ́ ní kutukutu.,Yoruba,AI-generated synthetic data
3642,The manager is checking a mobile application.,English,AI-generated synthetic data
3643,Ọkùnrin náà lo ẹja ní alẹ́.,Yoruba,AI-generated synthetic data
3644,Dan uwana yana bitar kwamfutar.,Hausa,AI-generated synthetic data
3645,Biko,Igbo,AI-generated synthetic data
3646,Nwa ahụ hụrụ ekwentị echi.,Igbo,AI-generated synthetic data
3647,Tawagar mu yana bitar jadawalin isar da kaya.,Hausa,AI-generated synthetic data
3648,Anyị zụtara oche echi.,Igbo,AI-generated synthetic data
3649,Aládùúgbò wa ní ẹja ní òru.,Yoruba,AI-generated synthetic data
3650,A teacher is preparing the report.,English,AI-generated synthetic data
3651,Arákùnrin mi lọ sí ọgbà ní ìparí ọ̀sẹ̀.,Yoruba,AI-generated synthetic data
3652,Nwa ahụ na-amụ ihe n'ụlọ akwụkwọ n'oge.,Igbo,AI-generated synthetic data
3653,Dan uwana yana duba bayanan mara lafiya.,Hausa,AI-generated synthetic data
3654,The student is repairing the report.,English,AI-generated synthetic data
3655,"A wurin aiki, iyali sun shirya abinci domin baki.",Hausa,AI-generated synthetic data
3656,Unu na-aga n'ọgbọ egwuregwu n'isi ụtụtụ.,Igbo,AI-generated synthetic data
3657,"At work, can you help me with this problem?",English,AI-generated synthetic data
3658,Akẹ́kọ̀ọ́ náà ń ṣiṣẹ́ ní pápá ní òwúrọ̀.,Yoruba,AI-generated synthetic data
3659,"Today, the farmer planted maize before the rainy season began.",English,AI-generated synthetic data
3660,Anyị na-aga n'ọdụ ụgbọala taa.,Igbo,AI-generated synthetic data
3661,Manomin yana gyara jerin kaya.,Hausa,AI-generated synthetic data
3662,"Da yamma, malami ya bayyana darasin da misali na aikace-aikace.",Hausa,AI-generated synthetic data
3663,Arábìnrin mi ṣe kọ̀ǹpútà ní ìparí ọ̀sẹ̀.,Yoruba,AI-generated synthetic data
3664,Ẹyin rí ọ̀gẹ̀dẹ̀ ní òwúrọ̀.,Yoruba,AI-generated synthetic data
3665,Wọ́n lọ sí ilé ìtajà ní òru.,Yoruba,AI-generated synthetic data
3666,Nwa ahụ zụtara anụ echi.,Igbo,AI-generated synthetic data
3667,Tawagar mu yana bitar jerin kaya.,Hausa,AI-generated synthetic data
3668,Àwọn ará wa ra ọ̀gẹ̀dẹ̀ ní ọ̀sẹ̀ yìí.,Yoruba,AI-generated synthetic data
3669,My brother is repairing the network connection.,English,AI-generated synthetic data
3670,Ma'aikaciyar jinya yana bitar sabon aiki.,Hausa,AI-generated synthetic data
3671,The doctor is discussing the patient record.,English,AI-generated synthetic data
3672,Nwa akwụkwọ ahụ nwere uwe n'oge.,Igbo,AI-generated synthetic data
3673,Ọmọ náà lo àga ní ọ̀sán.,Yoruba,AI-generated synthetic data
3674,"In the morning, she cooked rice for the whole family.",English,AI-generated synthetic data
3675,Dalibin yana tattauna kwamfutar.,Hausa,AI-generated synthetic data
3676,Mai shirye-shiryen yana gyara takardar bincike.,Hausa,AI-generated synthetic data
3677,Mai binciken yana duba takardar bincike.,Hausa,AI-generated synthetic data
3678,O lo àgbàdo ní ọ̀sán.,Yoruba,AI-generated synthetic data
3679,Nwanne nwanyị m chọrọ akpụkpọ ụkwụ n'ụtụtụ.,Igbo,AI-generated synthetic data
3680,Baba rí ẹ̀wà ní ọ̀sẹ̀ yìí.,Yoruba,AI-generated synthetic data
3681,Ọ̀rẹ́ mi wà ní ilé ìwé ní ọ̀sán.,Yoruba,AI-generated synthetic data
3682,The engineer is organizing the computer.,English,AI-generated synthetic data
3683,"Yayin taro, wace hanya ce take zuwa kasuwa?",Hausa,AI-generated synthetic data
3684,Anọ m n'ụlọ,Igbo,AI-generated synthetic data
3685,Olùkọ́ náà ń rìn ní ibùdó ọkọ̀ ní òru.,Yoruba,AI-generated synthetic data
3686,Àwọn ọmọ ń ṣiṣẹ́ ní ilé ẹ̀kọ́ ní alẹ́.,Yoruba,AI-generated synthetic data
3687,"A gida, manajan ya bukaci kowa ya halarci taron bayani.",Hausa,AI-generated synthetic data
3688,"At home, the trader recorded every sale in a notebook.",English,AI-generated synthetic data
3689,Ẹyin rí ẹ̀wà ní òru.,Yoruba,AI-generated synthetic data
3690,"In the morning, the developer created a simple interface for the users.",English,AI-generated synthetic data
3691,Arákùnrin mi rí ìrẹsì àná.,Yoruba,AI-generated synthetic data
3692,Obìnrin náà ṣe ìwé ní ìparí ọ̀sẹ̀.,Yoruba,AI-generated synthetic data
3693,Enyi m na-arụ ọrụ n'okporo ụzọ n'ehihie.,Igbo,AI-generated synthetic data
3694,The student is planning the machine learning model.,English,AI-generated synthetic data
3695,Onye nkụzi ahụ bịara n'ọgbọ egwuregwu n'isi ụtụtụ.,Igbo,AI-generated synthetic data
3696,A researcher is organizing the report.,English,AI-generated synthetic data
3697,Ọ jiri igodo taa.,Igbo,AI-generated synthetic data
3698,Nwanne nwanyị m na-eje ije n'ahịa na ngwụcha izu.,Igbo,AI-generated synthetic data
3699,Mama ní fóònù ọ̀la.,Yoruba,AI-generated synthetic data
3700,Manomin yana shirya bayanan taro.,Hausa,AI-generated synthetic data
3701,Dalibin yana bitar rahoton.,Hausa,AI-generated synthetic data
3702,A researcher is repairing a research proposal.,English,AI-generated synthetic data
3703,"Yau, rumbun bayanai yana dauke da bayanai daga wurare da dama.",Hausa,AI-generated synthetic data
3704,Onye nkụzi ahụ na-arụ ọrụ n'ụlọ ekpere n'ụtụtụ.,Igbo,AI-generated synthetic data
3705,The engineer is building the farm equipment.,English,AI-generated synthetic data
3706,Ha nọ n'ọdụ ụgbọala n'oge.,Igbo,AI-generated synthetic data
3707,The doctor is reviewing the inventory list.,English,AI-generated synthetic data
3708,Arábìnrin mi ń rìn ní ọ́fíìsì ní ìparí ọ̀sẹ̀.,Yoruba,AI-generated synthetic data
3709,Injiniyan yana gyara samfurin koyon na'ura.,Hausa,AI-generated synthetic data
3710,My friend is reviewing the school timetable.,English,AI-generated synthetic data
3711,"Yayin taro, mai shirye-shiryen ya gyara kuskuren da ke cikin lambar Python.",Hausa,AI-generated synthetic data
3712,O ń kọ́ ẹ̀kọ́ ní ilé ìtajà ní kutukutu.,Yoruba,AI-generated synthetic data
3713,Abokina yana koyon sabon aiki.,Hausa,AI-generated synthetic data
3714,Ọkùnrin náà fẹ́ kọ́kọ́rọ́ ní alẹ́.,Yoruba,AI-generated synthetic data
3715,"Da safe, me ya jawo jinkirin?",Hausa,AI-generated synthetic data
3716,Tawagar mu yana karatu rahoton.,Hausa,AI-generated synthetic data
3717,Arákùnrin mi rí omi ní kutukutu.,Yoruba,AI-generated synthetic data
3718,Onye nkụzi ahụ zụtara azụ n'oge.,Igbo,AI-generated synthetic data
3719,Onye agbata obi anyị nwere tebụl taa.,Igbo,AI-generated synthetic data
3720,Dan uwana yana shirya jadawalin makaranta.,Hausa,AI-generated synthetic data
3721,"In the morning, everyone should follow the safety instructions.",English,AI-generated synthetic data
3722,Manomin yana gyara sabon aiki.,Hausa,AI-generated synthetic data
3723,Awa ra fóònù ní kutukutu.,Yoruba,AI-generated synthetic data
3724,"Today, i would like to learn more about the course.",English,AI-generated synthetic data
3725,The manager is organizing the business plan.,English,AI-generated synthetic data
3726,Arákùnrin mi ra kámẹ́rà lónìí.,Yoruba,AI-generated synthetic data
3727,"Yesterday, the mechanic replaced the damaged part.",English,AI-generated synthetic data
3728,Dọkịta ahụ jiri igwefoto ụnyaahụ.,Igbo,AI-generated synthetic data
3729,Akẹ́kọ̀ọ́ náà lo bàtà ọ̀la.,Yoruba,AI-generated synthetic data
3730,Awa fẹ́ àga lónìí.,Yoruba,AI-generated synthetic data
3731,"In the morning, how do I reset my password?",English,AI-generated synthetic data
3732,Ọkùnrin náà ṣe kámẹ́rà lónìí.,Yoruba,AI-generated synthetic data
3733,Awa wà ní ilé ìwé ní ọ̀sán.,Yoruba,AI-generated synthetic data
3734,Mo fẹ́ àgbàdo ní kutukutu.,Yoruba,AI-generated synthetic data
3735,Unu nwere unere n'ehihie.,Igbo,AI-generated synthetic data
3736,"A wurin aiki, malami ya bayyana darasin da misali na aikace-aikace.",Hausa,AI-generated synthetic data
3737,Nwoke ahụ bịara n'ahịa ụnyaahụ.,Igbo,AI-generated synthetic data
3738,O ń ṣiṣẹ́ ní òpópónà ní ìparí ọ̀sẹ̀.,Yoruba,AI-generated synthetic data
3739,The doctor is reviewing the report.,English,AI-generated synthetic data
3740,"Yau, bayanan horo ya kamata su kunshi dukkan harsuna hudu.",Hausa,AI-generated synthetic data
3741,The nurse is repairing a new project.,English,AI-generated synthetic data
3742,Ụmụaka ahụ nwere akpa echi.,Igbo,AI-generated synthetic data
3743,Nna chọrọ anụ n'oge.,Igbo,AI-generated synthetic data
3744,The business owner opened the shop early.,English,AI-generated synthetic data
3745,Onye nkụzi ahụ mere anụ taa.,Igbo,AI-generated synthetic data
3746,Nwanne m na-amụ ihe n'ọdụ ụgbọala n'ehihie.,Igbo,AI-generated synthetic data
3747,Injiniyan yana karatu sabon aiki.,Hausa,AI-generated synthetic data
3748,"At home, where can I buy fresh vegetables?",English,AI-generated synthetic data
3749,"Bayan cin abinci, rumbun bayanai yana dauke da bayanai daga wurare da dama.",Hausa,AI-generated synthetic data
3750,Abokina yana gyara sabon aiki.,Hausa,AI-generated synthetic data
3751,Ọ nwere agwa n'ehihie.,Igbo,AI-generated synthetic data
3752,Onye agbata obi anyị na-eje ije n'ụlọ ọgwụ n'ụtụtụ.,Igbo,AI-generated synthetic data
3753,Injiniyan yana karatu kayan aikin gona.,Hausa,AI-generated synthetic data
3754,Malamin yana karatu jadawalin isar da kaya.,Hausa,AI-generated synthetic data
3755,"At work, when should I submit the application?",English,AI-generated synthetic data
3756,A researcher is discussing the business plan.,English,AI-generated synthetic data
3757,A researcher is organizing the machine learning model.,English,AI-generated synthetic data
3758,Ọkùnrin náà ń kọ́ ẹ̀kọ́ ní ilé ní alẹ́.,Yoruba,AI-generated synthetic data
3759,"Gobe, barka da safiya, ina fatan kana cikin koshin lafiya.",Hausa,AI-generated synthetic data
3760,"After lunch, the engineer inspected the equipment before starting work.",English,AI-generated synthetic data
3761,"During the meeting, the server needs regular maintenance and monitoring.",English,AI-generated synthetic data
3762,Arákùnrin mi ní ìrẹsì ní ọ̀sán.,Yoruba,AI-generated synthetic data
3763,Nwa ahụ na-arụ ọrụ n'ụlọ ahịa n'oge.,Igbo,AI-generated synthetic data
3764,The developer is reviewing the farm equipment.,English,AI-generated synthetic data
3765,Our team is reviewing the farm equipment.,English,AI-generated synthetic data
3766,Dalibin yana gyara kayan horo.,Hausa,AI-generated synthetic data
3767,Dọkịta ahụ wetara akwụkwọ n'oge.,Igbo,AI-generated synthetic data
3768,Ọmọ náà ń ṣiṣẹ́ ní àgbègbè wa ọ̀la.,Yoruba,AI-generated synthetic data
3769,Kí ni o fẹ́ jẹ?,Yoruba,AI-generated synthetic data
3770,"Yayin taro, ya kamata mu tafi da wuri don guje wa cunkoso.",Hausa,AI-generated synthetic data
3771,Nwa ahụ hụrụ mmiri n'ehihie.,Igbo,AI-generated synthetic data
3772,Nwanyị ahụ mere azụ n'abalị.,Igbo,AI-generated synthetic data
3773,"At work, what caused the delay?",English,AI-generated synthetic data
3774,A teacher is studying the report.,English,AI-generated synthetic data
3775,Direban yana koyon jerin kaya.,Hausa,AI-generated synthetic data
3776,Nna na-aga n'ụlọ akwụkwọ taa.,Igbo,AI-generated synthetic data
3777,Nwanne m mere ekwentị taa.,Igbo,AI-generated synthetic data
3778,Ọ bịara n'ọgbọ egwuregwu echi.,Igbo,AI-generated synthetic data
3779,Ma'aikaciyar jinya yana koyon jadawalin isar da kaya.,Hausa,AI-generated synthetic data
3780,Malamin yana tsara samfurin koyon na'ura.,Hausa,AI-generated synthetic data
3781,The developer is organizing the machine learning model.,English,AI-generated synthetic data
3782,Nne nwere anụ n'oge.,Igbo,AI-generated synthetic data
3783,Nwanne nwanyị m mere ekwentị echi.,Igbo,AI-generated synthetic data
3784,"Gobe, mai bincike ya kwatanta samfurin koyon na'ura daban-daban.",Hausa,AI-generated synthetic data
3785,M nwere ọka n'abalị.,Igbo,AI-generated synthetic data
3786,Dókítà náà ń rìn ní ọ́fíìsì ní òru.,Yoruba,AI-generated synthetic data
3787,Unu na-amụ ihe n'chọọchị n'ehihie.,Igbo,AI-generated synthetic data
3788,The driver is building a new project.,English,AI-generated synthetic data
3789,Ọ̀rẹ́ mi wà ní ọjà ní alẹ́.,Yoruba,AI-generated synthetic data
3790,Akẹ́kọ̀ọ́ náà ń ṣiṣẹ́ ní ilé ìwòsàn lónìí.,Yoruba,AI-generated synthetic data
3791,Ma'aikata sun kammala girka kayan kafin faduwar rana.,Hausa,AI-generated synthetic data
3792,"Gobe, ka kammala aikin gida?",Hausa,AI-generated synthetic data
3793,Nwa akwụkwọ ahụ nwere akwụkwọ nri ụnyaahụ.,Igbo,AI-generated synthetic data
3794,Our team is planning the business plan.,English,AI-generated synthetic data
3795,The farmer is studying the meeting notes.,English,AI-generated synthetic data
3796,Ha na-amụ ihe n'ụlọ ekpere n'izu a.,Igbo,AI-generated synthetic data
3797,"Today, please remember to charge your phone.",English,AI-generated synthetic data
3798,O ń rìn ní ọgbà lónìí.,Yoruba,AI-generated synthetic data
3799,Ana m arụ ọrụ taa,Igbo,AI-generated synthetic data
3800,Ị bịara n'ụlọ enyi m n'abalị.,Igbo,AI-generated synthetic data
3801,Kí Ọlọ́run ràn wá lọ́wọ́,Yoruba,AI-generated synthetic data
3802,Abokina yana karatu jadawalin makaranta.,Hausa,AI-generated synthetic data
3803,"A wurin aiki, ya kamata mu tattauna batun kafin gobe.",Hausa,AI-generated synthetic data
3804,Manajan yana koyon kayan aikin gona.,Hausa,AI-generated synthetic data
3805,The doctor is reviewing the network connection.,English,AI-generated synthetic data
3806,"In the afternoon, the student borrowed a book from the library.",English,AI-generated synthetic data
3807,Olùkọ́ náà lọ sí ọgbà ní ọ̀sán.,Yoruba,AI-generated synthetic data
3808,Ị na-amụ ihe n'ahịa n'ehihie.,Igbo,AI-generated synthetic data
3809,Manajan yana gina manhajar waya.,Hausa,AI-generated synthetic data
3810,Anyị nọ n'ọgbọ egwuregwu n'isi ụtụtụ.,Igbo,AI-generated synthetic data
3811,Nwa akwụkwọ ahụ na-amụ ihe n'ogige n'oge.,Igbo,AI-generated synthetic data
3812,Our team is discussing the patient record.,English,AI-generated synthetic data
3813,Ụmụaka ahụ bịara n'ụlọ ahịa n'isi ụtụtụ.,Igbo,AI-generated synthetic data
3814,Dọkịta ahụ na-amụ ihe n'okporo ụzọ n'isi ụtụtụ.,Igbo,AI-generated synthetic data
3815,The student is preparing the business plan.,English,AI-generated synthetic data
3816,"Da yamma, mun gwada API kafin mu hada shi da manhajar.",Hausa,AI-generated synthetic data
3817,"A wurin aiki, mai bincike ya kwatanta samfurin koyon na'ura daban-daban.",Hausa,AI-generated synthetic data
3818,The nurse is reviewing a mobile application.,English,AI-generated synthetic data
3819,Unu na-eje ije n'ọgbọ egwuregwu n'isi ụtụtụ.,Igbo,AI-generated synthetic data
3820,The nurse is checking a mobile application.,English,AI-generated synthetic data
3821,Mai shirye-shiryen yana koyon bayanan taro.,Hausa,AI-generated synthetic data
3822,Nwa akwụkwọ ahụ wetara anụ n'ụtụtụ.,Igbo,AI-generated synthetic data
3823,Nwoke ahụ wetara akwụkwọ n'izu a.,Igbo,AI-generated synthetic data
3824,Arákùnrin mi mú ẹran ní kutukutu.,Yoruba,AI-generated synthetic data
3825,"Yayin taro, karfe nawa motar bas za ta tashi?",Hausa,AI-generated synthetic data
3826,Mama lọ sí ọgbà ọ̀la.,Yoruba,AI-generated synthetic data
3827,"In the evening, she cooked rice for the whole family.",English,AI-generated synthetic data
3828,O dé sí ilé ọ̀rẹ́ mi ní alẹ́.,Yoruba,AI-generated synthetic data
3829,Ó wà ní ibùdó ọkọ̀ lónìí.,Yoruba,AI-generated synthetic data
3830,My friend is discussing the delivery schedule.,English,AI-generated synthetic data
3831,Mai binciken yana bitar shirin kasuwanci.,Hausa,AI-generated synthetic data
3832,Dọkịta ahụ zụtara tebụl ụnyaahụ.,Igbo,AI-generated synthetic data
3833,Ma'aikaciyar jinya yana tattauna kayan aikin gona.,Hausa,AI-generated synthetic data
3834,Akẹ́kọ̀ọ́ náà ra ìwé lónìí.,Yoruba,AI-generated synthetic data
3835,Dókítà náà ń ṣiṣẹ́ ní ibùdó ọkọ̀ ní kutukutu.,Yoruba,AI-generated synthetic data
3836,Direban yana gyara jadawalin isar da kaya.,Hausa,AI-generated synthetic data
3837,Direban yana gina shirin kasuwanci.,Hausa,AI-generated synthetic data
3838,Ha bịara n'okporo ụzọ n'isi ụtụtụ.,Igbo,AI-generated synthetic data
3839,Enyi m jiri kọmputa na ngwụcha izu.,Igbo,AI-generated synthetic data
3840,The driver is repairing the training materials.,English,AI-generated synthetic data
3841,Wọ́n fẹ́ oúnjẹ àná.,Yoruba,AI-generated synthetic data
3842,Nwa akwụkwọ ahụ nwere azụ n'ehihie.,Igbo,AI-generated synthetic data
3843,Nna na-eje ije n'ọgbọ egwuregwu n'izu a.,Igbo,AI-generated synthetic data
3844,A researcher is checking the school timetable.,English,AI-generated synthetic data
3845,Tawagar mu yana duba kayan aikin gona.,Hausa,AI-generated synthetic data
3846,Dalibin yana gina sabon aiki.,Hausa,AI-generated synthetic data
3847,Nwanyị ahụ wetara akwụkwọ echi.,Igbo,AI-generated synthetic data
3848,Nne mere agwa n'oge.,Igbo,AI-generated synthetic data
3849,O fẹ́ àkàrà ní ọ̀sán.,Yoruba,AI-generated synthetic data
3850,Dọkịta ahụ na-arụ ọrụ n'ụlọ ekpere n'abalị.,Igbo,AI-generated synthetic data
3851,Nwanne nwanyị m hụrụ ji n'ehihie.,Igbo,AI-generated synthetic data
3852,Nna chọrọ nri n'ụtụtụ.,Igbo,AI-generated synthetic data
3853,"In the morning, i will visit my friend tomorrow.",English,AI-generated synthetic data
3854,Injiniyan yana bitar takardar bincike.,Hausa,AI-generated synthetic data
3855,Mama dé sí ilé ìwòsàn ní òru.,Yoruba,AI-generated synthetic data
3856,"In the afternoon, the network administrator checked the router.",English,AI-generated synthetic data
3857,Our team is repairing the inventory list.,English,AI-generated synthetic data
3858,Injiniyan yana gyara kayan horo.,Hausa,AI-generated synthetic data
3859,M nọ n'ogige n'ehihie.,Igbo,AI-generated synthetic data
3860,Dalibin yana duba kayan horo.,Hausa,AI-generated synthetic data
3861,Na tafi kasuwa da safe.,Hausa,AI-generated synthetic data
3862,O fẹ́ ọ̀gẹ̀dẹ̀ ọ̀la.,Yoruba,AI-generated synthetic data
3863,"At work, have you completed the assignment?",English,AI-generated synthetic data
3864,Dọkịta ahụ jiri uwe n'abalị.,Igbo,AI-generated synthetic data
3865,Ẹyin lọ sí òpópónà àná.,Yoruba,AI-generated synthetic data
3866,The engineer is building the network connection.,English,AI-generated synthetic data
3867,"At work, everyone should follow the safety instructions.",English,AI-generated synthetic data
3868,Gịnị ka anyị ga-eme echi?,Igbo,AI-generated synthetic data
3869,Ma'aikaciyar jinya yana tsara shirin kasuwanci.,Hausa,AI-generated synthetic data
3870,Ị hụrụ akpa n'ụtụtụ.,Igbo,AI-generated synthetic data
3871,Malamin yana gina bayanan mara lafiya.,Hausa,AI-generated synthetic data
3872,Àwọn ará wa fẹ́ àgbàdo ní alẹ́.,Yoruba,AI-generated synthetic data
3873,Likitan yana koyon jadawalin makaranta.,Hausa,AI-generated synthetic data
3874,Injiniyan yana duba shirin kasuwanci.,Hausa,AI-generated synthetic data
3875,Ẹyin ń rìn ní ilé ìwé ní òwúrọ̀.,Yoruba,AI-generated synthetic data
3876,Manomin yana shirya rahoton.,Hausa,AI-generated synthetic data
3877,Gịnị mere?,Igbo,AI-generated synthetic data
3878,"Gobe, direban ya jira fasinjoji kusa da tashar mota.",Hausa,AI-generated synthetic data
3879,The doctor is preparing the report.,English,AI-generated synthetic data
3880,The doctor is planning a mobile application.,English,AI-generated synthetic data
3881,My brother is checking the farm equipment.,English,AI-generated synthetic data
3882,Dókítà náà wà ní ilé ìwé ní kutukutu.,Yoruba,AI-generated synthetic data
3883,Ị wetara igodo n'isi ụtụtụ.,Igbo,AI-generated synthetic data
3884,Ẹyin ń ṣiṣẹ́ ní ilé ìwé ní ọ̀sẹ̀ yìí.,Yoruba,AI-generated synthetic data
3885,Olùkọ́ náà ṣe àpò ní òwúrọ̀.,Yoruba,AI-generated synthetic data
3886,Nwa ahụ nọ n'ụlọ enyi m n'izu a.,Igbo,AI-generated synthetic data
3887,A researcher is organizing the inventory list.,English,AI-generated synthetic data
3888,Our community is discussing the computer.,English,AI-generated synthetic data
3889,Mo ra ọ̀gẹ̀dẹ̀ ọ̀la.,Yoruba,AI-generated synthetic data
3890,Ó ń kọ́ ẹ̀kọ́ ní ilé ẹ̀kọ́ ní òwúrọ̀.,Yoruba,AI-generated synthetic data
3891,"Bayan cin abinci, mai shirye-shiryen ya gyara kuskuren da ke cikin lambar Python.",Hausa,AI-generated synthetic data
3892,Ẹyin ṣe kọ́kọ́rọ́ lónìí.,Yoruba,AI-generated synthetic data
3893,Injiniyan yana karatu jadawalin makaranta.,Hausa,AI-generated synthetic data
3894,Nne chọrọ nri n'abalị.,Igbo,AI-generated synthetic data
3895,"In the morning, where is the nearest hospital?",English,AI-generated synthetic data
3896,Mai shirye-shiryen yana gyara jadawalin makaranta.,Hausa,AI-generated synthetic data
3897,"In the evening, the driver waited for passengers near the bus station.",English,AI-generated synthetic data
3898,"Today, the report contains the results of the experiment.",English,AI-generated synthetic data
3899,"Barka da safiya, ina fatan kana cikin koshin lafiya.",Hausa,AI-generated synthetic data
3900,Nwa ahụ bịara n'ọbá akwụkwọ echi.,Igbo,AI-generated synthetic data
3901,Nwanyị ahụ jiri tebụl echi.,Igbo,AI-generated synthetic data
3902,The nurse is learning the patient record.,English,AI-generated synthetic data
3903,Malamin yana koyon samfurin koyon na'ura.,Hausa,AI-generated synthetic data
3904,Onye agbata obi anyị chọrọ akwụkwọ nri n'oge.,Igbo,AI-generated synthetic data
3905,Onye agbata obi anyị na-arụ ọrụ n'ogige ụnyaahụ.,Igbo,AI-generated synthetic data
3906,The developer is studying the farm equipment.,English,AI-generated synthetic data
3907,Ị na-eje ije n'ụlọ taa.,Igbo,AI-generated synthetic data
3908,Ha na-aga n'ọbá akwụkwọ n'izu a.,Igbo,AI-generated synthetic data
3909,"Yesterday, please remember to charge your phone.",English,AI-generated synthetic data
3910,Nwa akwụkwọ ahụ na-aga n'ọbá akwụkwọ n'ụtụtụ.,Igbo,AI-generated synthetic data
3911,Nwanne nwoke m na-arụ ọrụ n'ahịa n'ehihie.,Igbo,AI-generated synthetic data
3912,"Yau, likita ya shawarci mara lafiya ya kara shan ruwa.",Hausa,AI-generated synthetic data
3913,Our team is organizing the training materials.,English,AI-generated synthetic data
3914,Àwọn ọmọ fẹ́ tábìlì ní alẹ́.,Yoruba,AI-generated synthetic data
3915,Àwọn ará wa lo tábìlì àná.,Yoruba,AI-generated synthetic data
3916,Direban yana gyara kwamfutar.,Hausa,AI-generated synthetic data
3917,The farmer is learning the farm equipment.,English,AI-generated synthetic data
3918,Ị na-eje ije n'ọfịs n'isi ụtụtụ.,Igbo,AI-generated synthetic data
3919,Kedu?,Igbo,AI-generated synthetic data
3920,"A gida, mai kirkirar manhaja ya tsara hanya mai sauki ga masu amfani.",Hausa,AI-generated synthetic data
3921,Obìnrin náà ní oúnjẹ ní òru.,Yoruba,AI-generated synthetic data
3922,A teacher is studying the training materials.,English,AI-generated synthetic data
3923,Unu jiri unere ụnyaahụ.,Igbo,AI-generated synthetic data
3924,"A wurin aiki, don Allah ka sanar da ni idan ka shirya.",Hausa,AI-generated synthetic data
3925,Onye agbata obi anyị jiri uwe n'oge.,Igbo,AI-generated synthetic data
3926,Olùkọ́ náà ní àkàrà ní kutukutu.,Yoruba,AI-generated synthetic data
3927,Ụgbọala ahụ abịala?,Igbo,AI-generated synthetic data
3928,Àwọn ará wa wà ní ọ́fíìsì ní kutukutu.,Yoruba,AI-generated synthetic data
3929,Nne na-arụ ọrụ n'ahịa n'oge.,Igbo,AI-generated synthetic data
3930,Dalibin yana gyara bayanan mara lafiya.,Hausa,AI-generated synthetic data
3931,Àwọn ọmọ lọ sí ilé ẹ̀kọ́ ọ̀la.,Yoruba,AI-generated synthetic data
3932,Dókítà náà mú aṣọ àná.,Yoruba,AI-generated synthetic data
3933,"During the meeting, i will call you when I arrive.",English,AI-generated synthetic data
3934,Onye agbata obi anyị nọ n'ụlọ ọgwụ n'ụtụtụ.,Igbo,AI-generated synthetic data
3935,"Yayin taro, dan kasuwa ya rubuta kowace ciniki a cikin littafi.",Hausa,AI-generated synthetic data
3936,O mú ìrẹsì ní ọ̀sán.,Yoruba,AI-generated synthetic data
3937,Ẹyin wà ní ilé ọ̀rẹ́ mi ní ọ̀sẹ̀ yìí.,Yoruba,AI-generated synthetic data
3938,Arábìnrin mi ra ẹ̀fọ́ lónìí.,Yoruba,AI-generated synthetic data
3939,The farmer is checking the farm equipment.,English,AI-generated synthetic data
3940,Nwanne m nwere anụ echi.,Igbo,AI-generated synthetic data
3941,Ị na-aga n'ogige n'ehihie.,Igbo,AI-generated synthetic data
3942,Onye nkụzi ahụ na-aga n'chọọchị n'ehihie.,Igbo,AI-generated synthetic data
3943,Our community is building the report.,English,AI-generated synthetic data
3944,Nwoke ahụ nwere tebụl ụnyaahụ.,Igbo,AI-generated synthetic data
3945,"Da safe, ta yaya zan sake saita kalmar sirri?",Hausa,AI-generated synthetic data
3946,Nwanne m wetara kọmputa na ngwụcha izu.,Igbo,AI-generated synthetic data
3947,A teacher is learning the network connection.,English,AI-generated synthetic data
3948,My friend is repairing a mobile application.,English,AI-generated synthetic data
3949,Baba rí àga àná.,Yoruba,AI-generated synthetic data
3950,Nwanne nwoke m chọrọ akwụkwọ nri taa.,Igbo,AI-generated synthetic data
3951,Wọ́n ra fóònù lónìí.,Yoruba,AI-generated synthetic data
3952,Likitan yana duba samfurin koyon na'ura.,Hausa,AI-generated synthetic data
3953,A researcher is learning the report.,English,AI-generated synthetic data
3954,Our community is preparing the patient record.,English,AI-generated synthetic data
3955,Olùkọ́ náà ń kọ́ ẹ̀kọ́ ní ilé ìwòsàn ní ọ̀sán.,Yoruba,AI-generated synthetic data
3956,Ẹyin ń ṣiṣẹ́ ní òpópónà ní òru.,Yoruba,AI-generated synthetic data
3957,Ọ̀rẹ́ mi ń kọ́ ẹ̀kọ́ ní ilé ọ̀rẹ́ mi ọ̀la.,Yoruba,AI-generated synthetic data
3958,Dọkịta ahụ na-eje ije n'ọgbọ egwuregwu n'ụtụtụ.,Igbo,AI-generated synthetic data
3959,Mama dé sí pápá ní ọ̀sẹ̀ yìí.,Yoruba,AI-generated synthetic data
3960,"After lunch, we cleaned the dataset before training the classifier.",English,AI-generated synthetic data
3961,"A wurin aiki, ina zan sayi sabbin kayan lambu?",Hausa,AI-generated synthetic data
3962,Nna na-arụ ọrụ n'chọọchị taa.,Igbo,AI-generated synthetic data
3963,O lọ sí ilé lónìí.,Yoruba,AI-generated synthetic data
3964,The farmer is discussing a new project.,English,AI-generated synthetic data
3965,O ní àgbàdo ní kutukutu.,Yoruba,AI-generated synthetic data
3966,Injiniyan yana gina kwamfutar.,Hausa,AI-generated synthetic data
3967,Ọkùnrin náà ń kọ́ ẹ̀kọ́ ní àgbègbè wa àná.,Yoruba,AI-generated synthetic data
3968,A teacher is building the network connection.,English,AI-generated synthetic data
3969,The doctor is learning the business plan.,English,AI-generated synthetic data
3970,Arákùnrin mi lọ sí ọjà ní alẹ́.,Yoruba,AI-generated synthetic data
3971,Manajan yana koyon sabon aiki.,Hausa,AI-generated synthetic data
3972,The student is reviewing a research proposal.,English,AI-generated synthetic data
3973,Arákùnrin mi ń kọ́ ẹ̀kọ́ ní ọ́fíìsì ní ìparí ọ̀sẹ̀.,Yoruba,AI-generated synthetic data
3974,Dókítà náà rí aṣọ ní ọ̀sán.,Yoruba,AI-generated synthetic data
3975,Ọmọ náà fẹ́ ìrẹsì àná.,Yoruba,AI-generated synthetic data
3976,Tawagar mu yana bitar kwamfutar.,Hausa,AI-generated synthetic data
3977,Nwanyị ahụ chọrọ igodo na ngwụcha izu.,Igbo,AI-generated synthetic data
3978,Likitan yana tsara kayan aikin gona.,Hausa,AI-generated synthetic data
3979,Ọmọ náà ṣe ẹ̀wà ní ìparí ọ̀sẹ̀.,Yoruba,AI-generated synthetic data
3980,The developer is learning the report.,English,AI-generated synthetic data
3981,Manajan yana karatu jerin kaya.,Hausa,AI-generated synthetic data
3982,Àwọn ọmọ ní tábìlì ní ọ̀sán.,Yoruba,AI-generated synthetic data
3983,Onye agbata obi anyị wetara igwefoto ụnyaahụ.,Igbo,AI-generated synthetic data
3984,Anyị chọrọ oche taa.,Igbo,AI-generated synthetic data
3985,Nsogbu adịghị,Igbo,AI-generated synthetic data
3986,Anyị na-aga n'ogige n'oge.,Igbo,AI-generated synthetic data
3987,Tawagar mu yana gina jadawalin makaranta.,Hausa,AI-generated synthetic data
3988,The driver is organizing the patient record.,English,AI-generated synthetic data
3989,Al'ummar yana tattauna kayan aikin gona.,Hausa,AI-generated synthetic data
3990,A teacher is learning a research proposal.,English,AI-generated synthetic data
3991,Nne mere akwụkwọ nri n'ụtụtụ.,Igbo,AI-generated synthetic data
3992,Ma'aikaciyar jinya yana koyon bayanan mara lafiya.,Hausa,AI-generated synthetic data
3993,Akẹ́kọ̀ọ́ náà ṣe omi ní kutukutu.,Yoruba,AI-generated synthetic data
3994,Nwa ahụ na-amụ ihe n'ọdụ ụgbọala ụnyaahụ.,Igbo,AI-generated synthetic data
3995,"Yau, mun isa lafiya bayan doguwar tafiya.",Hausa,AI-generated synthetic data
3996,The developer is studying the machine learning model.,English,AI-generated synthetic data
3997,Mai binciken yana bitar rahoton.,Hausa,AI-generated synthetic data
3998,The developer is discussing the training materials.,English,AI-generated synthetic data
3999,Obìnrin náà ń kọ́ ẹ̀kọ́ ní ilé ìtajà ní òwúrọ̀.,Yoruba,AI-generated synthetic data
4000,Ọkùnrin náà wà ní ilé ní òru.,Yoruba,AI-generated synthetic data
